source_dataset,latitude,longitude,brightness,bright_ti4,scan,track,acq_date,acq_time,satellite,instrument,confidence,version,bright_t31,bright_ti5,frp,daynight,type
VIIRS_SNPP_SP,8.86741,78.15392,309.56,,0.53,0.42,2024-01-05,2001,SNPP,VIIRS,n,2,278.89,,1.83,N,0
VIIRS_NOAA20_SP,8.87071,78.15339,,315.62,0.39,0.36,2024-01-12,2019,NOAA-20,VIIRS,n,2,,293.21,1.63,N,0
VIIRS_SNPP_SP,8.87045,78.15775,329.19,,0.58,0.69,2024-01-16,0719,SNPP,VIIRS,n,2,297.24,,2.5,D,0
VIIRS_NOAA20_SP,8.86179,78.14981,,332.57,0.39,0.36,2024-01-16,808,NOAA-20,VIIRS,n,2,,302.05,1.62,D,0
VIIRS_NOAA20_SP,8.86615,78.15627,,336.3,0.39,0.36,2024-01-16,808,NOAA-20,VIIRS,n,2,,305.92,4.23,D,0
MODIS_SP,8.8654,78.1536,321.5,,1,1,2024-01-16,847,Aqua,MODIS,55,61.03,304.2,,10.6,D,0
VIIRS_SNPP_SP,8.8673,78.15552,318.28,,0.44,0.46,2024-01-16,1955,SNPP,VIIRS,n,2,294.14,,2.13,N,0
VIIRS_NOAA20_SP,8.86783,78.15706,,310.77,0.51,0.49,2024-01-16,2044,NOAA-20,VIIRS,n,2,,293.44,1.29,N,0
VIIRS_NOAA20_SP,8.8694,78.11955,,303.46,0.39,0.37,2024-01-23,2013,NOAA-20,VIIRS,n,2,,293.31,0.4,N,0
VIIRS_NOAA20_SP,8.86783,78.15512,,330.55,0.49,0.4,2024-01-26,821,NOAA-20,VIIRS,l,2,,304.76,3.48,D,0
VIIRS_NOAA20_SP,8.67421,77.99397,,333.05,0.4,0.37,2024-01-27,802,NOAA-20,VIIRS,l,2,,303.13,3.04,D,0
VIIRS_SNPP_SP,8.40751,78.01168,335.06,,0.41,0.37,2024-01-29,0815,SNPP,VIIRS,n,2,301.72,,2.68,D,0
VIIRS_NOAA20_SP,8.87109,78.15282,,309,0.36,0.58,2024-01-30,1942,NOAA-20,VIIRS,n,2,,290.77,0.52,N,0
VIIRS_SNPP_SP,8.86853,78.15145,318.05,,0.49,0.4,2024-01-30,2032,SNPP,VIIRS,n,2,292.52,,1.71,N,0
VIIRS_SNPP_SP,8.85536,78.15738,330.23,,0.4,0.45,2024-02-08,0828,SNPP,VIIRS,l,2,302.38,,3.81,D,0
VIIRS_SNPP_SP,8.86192,78.12486,331.6,,0.51,0.49,2024-02-13,0834,SNPP,VIIRS,n,2,299.94,,3.56,D,0
VIIRS_SNPP_SP,8.79802,78.0862,331.8,,0.42,0.37,2024-02-14,0815,SNPP,VIIRS,n,2,299.66,,1.67,D,0
VIIRS_SNPP_SP,8.86832,78.15723,339.51,,0.42,0.38,2024-02-14,0815,SNPP,VIIRS,n,2,302.54,,3.4,D,0
VIIRS_NOAA20_SP,8.86626,78.15786,,332.01,0.4,0.44,2024-02-16,827,NOAA-20,VIIRS,n,2,,301.92,2.22,D,0
VIIRS_SNPP_SP,8.81282,78.03939,333.31,,0.45,0.47,2024-02-21,0744,SNPP,VIIRS,n,2,302.03,,3.52,D,0
VIIRS_SNPP_SP,8.79504,78.09399,311.83,,0.39,0.36,2024-02-21,2020,SNPP,VIIRS,n,2,294.49,,1.16,N,0
VIIRS_NOAA20_SP,8.75248,78.17419,,331.71,0.42,0.37,2024-02-22,815,NOAA-20,VIIRS,l,2,,306.59,3.5,D,0
VIIRS_NOAA20_SP,8.87184,78.12942,,332.34,0.42,0.37,2024-02-22,815,NOAA-20,VIIRS,l,2,,303.24,1.86,D,0
MODIS_SP,8.9049,78.0514,315.9,,1.4,1.2,2024-02-25,501,Terra,MODIS,56,61.03,300.6,,13.3,D,2
VIIRS_SNPP_SP,8.8674,78.12152,305.24,,0.44,0.39,2024-02-27,2007,SNPP,VIIRS,n,2,293.36,,0.66,N,0
VIIRS_NOAA20_SP,8.85946,78.06603,,336.46,0.45,0.47,2024-02-29,744,NOAA-20,VIIRS,n,2,,299.29,3.4,D,0
VIIRS_NOAA20_SP,8.78871,78.09972,,330.53,0.4,0.44,2024-03-03,827,NOAA-20,VIIRS,n,2,,300.53,1.15,D,0
VIIRS_NOAA20_SP,8.56822,78.13171,,335.76,0.39,0.36,2024-03-04,809,NOAA-20,VIIRS,l,2,,306.93,3.29,D,0
VIIRS_NOAA20_SP,8.76337,78.00779,,336.12,0.38,0.36,2024-03-04,809,NOAA-20,VIIRS,l,2,,306.88,1.98,D,0
VIIRS_NOAA20_SP,8.36961,78.04367,,330.71,0.55,0.43,2024-03-05,750,NOAA-20,VIIRS,l,2,,304.97,4.5,D,0
VIIRS_SNPP_SP,8.53323,78.12489,335.11,,0.4,0.37,2024-03-07,0802,SNPP,VIIRS,l,2,302.51,,3.85,D,3
VIIRS_SNPP_SP,8.7758,78.04828,333.91,,0.45,0.47,2024-03-08,0744,SNPP,VIIRS,n,2,303.56,,3.7,D,0
VIIRS_SNPP_SP,8.93036,78.17683,333.1,,0.44,0.46,2024-03-08,0744,SNPP,VIIRS,n,2,303.58,,3.53,D,0
VIIRS_SNPP_SP,8.93151,78.17548,330.34,,0.44,0.46,2024-03-08,0744,SNPP,VIIRS,l,2,301.99,,3.33,D,0
VIIRS_NOAA20_SP,8.77261,78.04863,,339.94,0.5,0.49,2024-03-08,834,NOAA-20,VIIRS,n,2,,301.12,4.42,D,0
VIIRS_SNPP_SP,8.92243,78.00612,331.76,,0.47,0.64,2024-03-09,0725,SNPP,VIIRS,n,2,299.12,,3.54,D,0
VIIRS_NOAA20_SP,8.4579,78.08858,,337.2,0.41,0.37,2024-03-09,815,NOAA-20,VIIRS,l,2,,308.83,5.19,D,0
VIIRS_NOAA20_SP,8.86836,78.11993,,304.02,0.32,0.55,2024-03-09,2051,NOAA-20,VIIRS,n,2,,293.17,0.9,N,0
VIIRS_SNPP_SP,8.8982,77.86274,331.7,,0.39,0.44,2024-03-11,0828,SNPP,VIIRS,l,2,303.66,,2.43,D,0
VIIRS_SNPP_SP,8.76731,78.0552,340.27,,0.39,0.36,2024-03-12,0809,SNPP,VIIRS,n,2,312.35,,1.67,D,0
VIIRS_NOAA20_SP,8.73596,78.03421,,332.53,0.32,0.54,2024-03-13,840,NOAA-20,VIIRS,l,2,,307.06,1.38,D,0
VIIRS_SNPP_SP,8.46737,77.92802,367,,0.37,0.58,2024-03-14,0731,SNPP,VIIRS,h,2,306.77,,4.28,D,0
VIIRS_SNPP_SP,8.46979,77.92506,330.42,,0.37,0.58,2024-03-14,0731,SNPP,VIIRS,n,2,304.44,,5.23,D,0
VIIRS_SNPP_SP,8.47039,77.92847,367,,0.37,0.58,2024-03-14,0731,SNPP,VIIRS,h,2,308.44,,5.23,D,0
VIIRS_SNPP_SP,8.47275,77.9271,334.79,,0.37,0.58,2024-03-14,0731,SNPP,VIIRS,n,2,304.86,,4.28,D,0
VIIRS_NOAA20_SP,8.60388,77.97204,,333.7,0.47,0.4,2024-03-14,821,NOAA-20,VIIRS,l,2,,304.72,2.83,D,0
VIIRS_NOAA20_SP,8.60687,77.97041,,336.54,0.47,0.4,2024-03-14,821,NOAA-20,VIIRS,n,2,,302.64,3.25,D,0
VIIRS_NOAA20_SP,8.94475,77.92937,,347.38,0.47,0.4,2024-03-14,821,NOAA-20,VIIRS,n,2,,313.47,9.08,D,0
VIIRS_NOAA20_SP,8.78024,78.07276,,349.46,0.45,0.47,2024-03-16,743,NOAA-20,VIIRS,n,2,,309.22,6.77,D,0
VIIRS_NOAA20_SP,8.7816,78.07198,,343.39,0.45,0.47,2024-03-16,743,NOAA-20,VIIRS,n,2,,309.06,7.89,D,0
VIIRS_NOAA20_SP,8.83755,78.13942,,336.69,0.42,0.61,2024-03-18,846,NOAA-20,VIIRS,n,2,,301.48,2.13,D,0
VIIRS_SNPP_SP,8.58826,78.13019,342.45,,0.56,0.52,2024-03-19,0737,SNPP,VIIRS,n,2,305.07,,4.52,D,0
VIIRS_NOAA20_SP,8.58754,78.12855,,344.3,0.39,0.44,2024-03-19,827,NOAA-20,VIIRS,n,2,,309.41,7.05,D,0
VIIRS_SNPP_SP,8.75875,78.01372,334.02,,0.44,0.46,2024-03-24,0744,SNPP,VIIRS,l,2,305.91,,2.87,D,0
VIIRS_SNPP_SP,8.76302,78.01299,331.67,,0.44,0.46,2024-03-24,0744,SNPP,VIIRS,l,2,305.57,,2.87,D,0
VIIRS_SNPP_SP,8.87059,78.16299,342.91,,0.43,0.46,2024-03-24,0744,SNPP,VIIRS,n,2,304.31,,7.01,D,0
VIIRS_NOAA20_SP,8.76168,78.01483,,336.24,0.39,0.44,2024-03-24,827,NOAA-20,VIIRS,n,2,,304.85,1.82,D,0
VIIRS_NOAA20_SP,8.76628,77.99484,,341.61,0.42,0.45,2024-03-26,746,NOAA-20,VIIRS,n,2,,303.41,2.56,D,0
VIIRS_NOAA20_SP,8.8526,78.11508,,331.02,0.41,0.45,2024-03-26,746,NOAA-20,VIIRS,l,2,,303.86,1.78,D,0
VIIRS_NOAA20_SP,8.85363,78.11366,,331.4,0.41,0.45,2024-03-26,746,NOAA-20,VIIRS,l,2,,305.54,1.78,D,0
VIIRS_SNPP_SP,8.5688,78.13342,342.59,,0.4,0.44,2024-03-27,0828,SNPP,VIIRS,n,2,299.65,,3.05,D,3
VIIRS_NOAA20_SP,8.4599,77.95418,,335.79,0.54,0.42,2024-03-29,825,NOAA-20,VIIRS,n,2,,295.3,4.5,D,0
VIIRS_SNPP_SP,8.68187,77.993,340.2,,0.41,0.37,2024-04-02,0815,SNPP,VIIRS,n,2,302.56,,7.1,D,0
VIIRS_NOAA20_SP,8.89298,78.04057,,331.76,0.46,0.47,2024-04-05,743,NOAA-20,VIIRS,l,2,,302.57,2.27,D,0
VIIRS_NOAA20_SP,8.89539,78.0397,,343.81,0.46,0.47,2024-04-05,743,NOAA-20,VIIRS,n,2,,303.72,5.63,D,0
VIIRS_NOAA20_SP,8.43822,77.92299,,345.3,0.5,0.66,2024-04-06,725,NOAA-20,VIIRS,n,2,,301.34,3.55,D,0
VIIRS_NOAA20_SP,8.44128,77.92111,,347.77,0.5,0.66,2024-04-06,725,NOAA-20,VIIRS,n,2,,300.96,2.74,D,0
VIIRS_NOAA20_SP,8.84599,78.11533,,367,0.47,0.64,2024-04-06,725,NOAA-20,VIIRS,h,2,,303.3,6.65,D,0
VIIRS_SNPP_SP,8.73119,77.99432,337.93,,0.32,0.55,2024-04-06,0840,SNPP,VIIRS,l,2,308.68,,2.98,D,0
VIIRS_SNPP_SP,8.74235,77.9235,337.88,,0.32,0.55,2024-04-06,0840,SNPP,VIIRS,n,2,307.08,,6.75,D,0
VIIRS_SNPP_SP,8.8438,78.11586,341.22,,0.33,0.55,2024-04-06,0840,SNPP,VIIRS,n,2,308.35,,3.12,D,0
VIIRS_SNPP_SP,8.76741,78.07244,334.2,,0.49,0.4,2024-04-07,0822,SNPP,VIIRS,l,2,305.34,,4.69,D,0
VIIRS_SNPP_SP,8.8541,78.05667,351.71,,0.49,0.4,2024-04-07,0822,SNPP,VIIRS,n,2,308.04,,5.77,D,0
VIIRS_SNPP_SP,8.85783,78.05614,333.8,,0.49,0.4,2024-04-07,0822,SNPP,VIIRS,l,2,306.08,,5.77,D,0
VIIRS_NOAA20_SP,8.7644,78.07362,,330.02,0.41,0.61,2024-04-07,846,NOAA-20,VIIRS,n,2,,298.98,3.45,D,0
VIIRS_NOAA20_SP,8.84254,77.98713,,332.08,0.39,0.44,2024-04-08,828,NOAA-20,VIIRS,l,2,,302.54,2.37,D,0
VIIRS_NOAA20_SP,8.86633,78.15672,,333.75,0.4,0.44,2024-04-08,828,NOAA-20,VIIRS,l,2,,306.06,3.09,D,0
VIIRS_SNPP_SP,8.85237,77.89223,335.78,,0.45,0.47,2024-04-09,0744,SNPP,VIIRS,n,2,302.88,,1.94,D,0
VIIRS_SNPP_SP,8.86111,77.94469,367,,0.44,0.46,2024-04-09,0744,SNPP,VIIRS,h,2,304.58,,10.52,D,0
VIIRS_SNPP_SP,8.86178,77.9487,344.3,,0.44,0.46,2024-04-09,0744,SNPP,VIIRS,n,2,303.6,,5.37,D,0
VIIRS_NOAA20_SP,8.85772,77.94193,,340.67,0.38,0.36,2024-04-09,809,NOAA-20,VIIRS,l,2,,311.23,3.57,D,0
VIIRS_NOAA20_SP,8.85824,77.9454,,348.84,0.38,0.36,2024-04-09,809,NOAA-20,VIIRS,n,2,,311.75,3.57,D,0
VIIRS_NOAA20_SP,8.85876,77.94887,,343.17,0.38,0.36,2024-04-09,809,NOAA-20,VIIRS,n,2,,311.79,4.4,D,0
VIIRS_NOAA20_SP,8.57749,78.10448,,332.24,0.54,0.42,2024-04-10,750,NOAA-20,VIIRS,n,2,,301.71,3.38,D,0
VIIRS_NOAA20_SP,8.70624,77.99857,,335.52,0.54,0.42,2024-04-10,750,NOAA-20,VIIRS,n,2,,303.33,1.89,D,0
VIIRS_NOAA20_SP,8.85472,78.09538,,333.92,0.53,0.42,2024-04-10,750,NOAA-20,VIIRS,n,2,,302.29,3.97,D,0
VIIRS_SNPP_SP,8.79147,78.10152,333.02,,0.39,0.36,2024-04-13,0809,SNPP,VIIRS,l,2,304.36,,3.47,D,0
VIIRS_NOAA20_SP,8.57514,78.09801,,335.03,0.51,0.49,2024-04-13,834,NOAA-20,VIIRS,n,2,,296.18,5.23,D,0
VIIRS_SNPP_SP,8.85058,78.04687,331.31,,0.51,0.5,2024-04-17,0834,SNPP,VIIRS,n,2,280.57,,2.86,D,0
VIIRS_SNPP_SP,8.86297,78.06842,346.53,,0.44,0.38,2024-04-19,0757,SNPP,VIIRS,n,2,305.79,,6.54,D,0
VIIRS_NOAA20_SP,8.86176,78.06573,,336.34,0.5,0.41,2024-04-19,822,NOAA-20,VIIRS,n,2,,303.5,5.9,D,0
VIIRS_NOAA20_SP,8.8624,78.07027,,344.54,0.5,0.41,2024-04-19,822,NOAA-20,VIIRS,n,2,,303.98,5.15,D,0
VIIRS_NOAA20_SP,8.91692,78.041,,337.57,0.5,0.41,2024-04-19,822,NOAA-20,VIIRS,n,2,,304.91,11.81,D,0
VIIRS_NOAA20_SP,8.52736,78.12327,,344.37,0.43,0.46,2024-04-21,745,NOAA-20,VIIRS,n,2,,301.09,2.34,D,3
VIIRS_NOAA20_SP,8.57566,78.09596,,332.26,0.43,0.46,2024-04-21,745,NOAA-20,VIIRS,n,2,,301.13,2.73,D,0
VIIRS_SNPP_SP,8.80247,77.94705,334.11,,0.44,0.46,2024-04-25,0744,SNPP,VIIRS,n,2,303.33,,0.88,D,0
VIIRS_SNPP_SP,8.9289,78.00391,343.39,,0.44,0.46,2024-04-25,0744,SNPP,VIIRS,n,2,304.11,,4.57,D,0
VIIRS_NOAA20_SP,8.78333,78.0395,,338.02,0.39,0.36,2024-04-25,810,NOAA-20,VIIRS,l,2,,311.52,2.98,D,0
VIIRS_NOAA20_SP,8.80009,77.94679,,339.03,0.39,0.36,2024-04-25,810,NOAA-20,VIIRS,n,2,,308.16,4.23,D,0
VIIRS_NOAA20_SP,8.89931,78.08942,,338.76,0.39,0.36,2024-04-25,810,NOAA-20,VIIRS,l,2,,311.27,4.99,D,0
VIIRS_NOAA20_SP,8.93042,78.00132,,338.59,0.39,0.36,2024-04-25,810,NOAA-20,VIIRS,l,2,,309.37,8.78,D,0
VIIRS_NOAA20_SP,8.93094,78.00483,,339.63,0.39,0.36,2024-04-25,810,NOAA-20,VIIRS,n,2,,308.12,8.57,D,0
VIIRS_SNPP_SP,8.8571,77.89926,331.96,,0.46,0.64,2024-04-26,0725,SNPP,VIIRS,n,2,298.18,,3.05,D,0
VIIRS_NOAA20_SP,8.92728,78.06971,,337.09,0.51,0.41,2024-04-26,751,NOAA-20,VIIRS,l,2,,312.05,6.49,D,0
VIIRS_NOAA20_SP,8.84673,78.11223,,332.91,0.35,0.56,2024-04-27,732,NOAA-20,VIIRS,n,2,,297.79,1.01,D,0
VIIRS_SNPP_SP,8.74451,77.89847,330.73,,0.41,0.61,2024-04-27,0847,SNPP,VIIRS,n,2,286.92,,3.9,D,0
VIIRS_SNPP_SP,8.86912,78.15676,334.78,,0.39,0.36,2024-04-29,0809,SNPP,VIIRS,n,2,301.45,,2.09,D,0
VIIRS_SNPP_SP,8.88223,78.10809,337.16,,0.39,0.36,2024-04-29,0809,SNPP,VIIRS,n,2,302.64,,1.64,D,0
VIIRS_SNPP_SP,8.9071,77.98523,345.39,,0.39,0.36,2024-04-29,0809,SNPP,VIIRS,n,2,300.6,,3.74,D,0
VIIRS_SNPP_SP,8.94557,77.94719,341.62,,0.39,0.36,2024-04-29,0809,SNPP,VIIRS,n,2,304.48,,7.83,D,0
VIIRS_NOAA20_SP,8.49722,77.98165,,331.39,0.56,0.51,2024-05-02,738,NOAA-20,VIIRS,n,2,,290.81,3.86,D,0
VIIRS_NOAA20_SP,8.4991,77.97938,,335.21,0.56,0.51,2024-05-02,738,NOAA-20,VIIRS,n,2,,291.53,2.48,D,0
VIIRS_SNPP_SP,8.89123,78.04921,342.23,,0.51,0.5,2024-05-03,0834,SNPP,VIIRS,n,2,291.25,,9.68,D,0
VIIRS_SNPP_SP,8.89519,78.04386,344.61,,0.51,0.5,2024-05-03,0834,SNPP,VIIRS,n,2,292.84,,9.13,D,0
VIIRS_SNPP_SP,8.89582,78.04858,343.55,,0.51,0.5,2024-05-03,0834,SNPP,VIIRS,n,2,289.81,,9.13,D,0
VIIRS_SNPP_SP,8.79561,77.97469,339.72,,0.42,0.37,2024-05-04,0815,SNPP,VIIRS,n,2,303.85,,6.97,D,0
VIIRS_SNPP_SP,8.86375,78.06519,340.21,,0.42,0.38,2024-05-04,0815,SNPP,VIIRS,n,2,303.68,,4.06,D,0
VIIRS_NOAA20_SP,8.84394,77.89188,,332.14,0.33,0.55,2024-05-04,841,NOAA-20,VIIRS,n,2,,296.24,2.92,D,0
VIIRS_SNPP_SP,8.82371,78.05551,345.95,,0.44,0.38,2024-05-05,0756,SNPP,VIIRS,l,2,306.83,,7.55,D,0
VIIRS_SNPP_SP,8.93655,78.08627,349.08,,0.44,0.38,2024-05-05,0757,SNPP,VIIRS,n,2,307.08,,7.12,D,0
VIIRS_SNPP_SP,8.94007,78.08571,346.62,,0.44,0.38,2024-05-05,0757,SNPP,VIIRS,n,2,306.36,,8.07,D,0
VIIRS_NOAA20_SP,8.71937,78.10577,,330.77,0.5,0.41,2024-05-05,822,NOAA-20,VIIRS,l,2,,302.6,2.63,D,0
VIIRS_NOAA20_SP,8.82431,78.05541,,339.73,0.5,0.41,2024-05-05,822,NOAA-20,VIIRS,n,2,,304.08,4.55,D,0
VIIRS_NOAA20_SP,8.93694,78.08727,,336.61,0.51,0.41,2024-05-05,822,NOAA-20,VIIRS,n,2,,305.56,4.37,D,0
VIIRS_SNPP_SP,8.81802,78.03627,334.55,,0.56,0.51,2024-05-06,0738,SNPP,VIIRS,n,2,302.28,,9.22,D,0
VIIRS_SNPP_SP,8.82274,78.03546,355.89,,0.56,0.51,2024-05-06,0738,SNPP,VIIRS,n,2,302.07,,9.22,D,0
VIIRS_SNPP_SP,8.8708,78.03234,331.26,,0.56,0.51,2024-05-06,0738,SNPP,VIIRS,n,2,300.28,,1.48,D,0
VIIRS_SNPP_SP,8.87811,78.04665,340.8,,0.55,0.51,2024-05-06,0738,SNPP,VIIRS,n,2,301.65,,8.58,D,0
VIIRS_SNPP_SP,8.87898,78.0517,331.98,,0.55,0.51,2024-05-06,0738,SNPP,VIIRS,l,2,302.12,,8.83,D,0
VIIRS_SNPP_SP,8.88369,78.0509,355.43,,0.55,0.51,2024-05-06,0738,SNPP,VIIRS,n,2,302.06,,8.83,D,0
VIIRS_SNPP_SP,8.88668,78.04002,343.89,,0.55,0.51,2024-05-06,0738,SNPP,VIIRS,n,2,301.07,,5.57,D,0
VIIRS_SNPP_SP,8.88754,78.04507,337.27,,0.55,0.51,2024-05-06,0738,SNPP,VIIRS,n,2,302.02,,5.57,D,0
VIIRS_SNPP_SP,8.88849,78.04208,347.31,,0.55,0.51,2024-05-06,0738,SNPP,VIIRS,n,2,300.92,,6.62,D,0
VIIRS_SNPP_SP,8.8914,78.03922,336.46,,0.55,0.51,2024-05-06,0738,SNPP,VIIRS,n,2,301.18,,5.57,D,0
VIIRS_SNPP_SP,8.8932,78.04128,342,,0.55,0.51,2024-05-06,0738,SNPP,VIIRS,n,2,303.45,,6.62,D,0
VIIRS_NOAA20_SP,8.8199,78.05206,,347.5,0.39,0.36,2024-05-06,803,NOAA-20,VIIRS,n,2,,308.37,7.91,D,0
VIIRS_NOAA20_SP,8.82052,78.03393,,344,0.39,0.36,2024-05-06,803,NOAA-20,VIIRS,n,2,,309.71,12.09,D,0
VIIRS_NOAA20_SP,8.82106,78.03745,,334.52,0.39,0.36,2024-05-06,803,NOAA-20,VIIRS,l,2,,306.92,2.33,D,0
VIIRS_NOAA20_SP,8.82384,78.03342,,335.07,0.39,0.36,2024-05-06,803,NOAA-20,VIIRS,l,2,,307.06,3.01,D,0
VIIRS_NOAA20_SP,8.88078,78.04982,,339.98,0.39,0.36,2024-05-06,803,NOAA-20,VIIRS,l,2,,308.82,9.15,D,0
VIIRS_NOAA20_SP,8.88356,78.04578,,338.08,0.39,0.36,2024-05-06,803,NOAA-20,VIIRS,l,2,,306.76,5.23,D,0
VIIRS_NOAA20_SP,8.8841,78.0493,,349.66,0.39,0.36,2024-05-06,803,NOAA-20,VIIRS,l,2,,309.75,9.15,D,0
VIIRS_NOAA20_SP,8.88956,78.041,,345.97,0.39,0.36,2024-05-06,803,NOAA-20,VIIRS,n,2,,308.3,6.67,D,0
VIIRS_NOAA20_SP,8.89288,78.04048,,342.13,0.39,0.36,2024-05-06,803,NOAA-20,VIIRS,n,2,,310.17,6.48,D,0
MODIS_SP,8.7903,77.9926,331.2,,1.2,1.1,2024-05-07,430,Terra,MODIS,79,61.03,307.2,,17.2,D,0
VIIRS_NOAA20_SP,8.79577,77.99561,,345.8,0.43,0.46,2024-05-07,745,NOAA-20,VIIRS,n,2,,305.88,6.03,D,0
VIIRS_NOAA20_SP,8.8148,77.98041,,345.06,0.43,0.46,2024-05-07,745,NOAA-20,VIIRS,n,2,,305.89,5.08,D,0
VIIRS_NOAA20_SP,8.86221,78.13613,,310.64,0.39,0.36,2024-05-07,2020,NOAA-20,VIIRS,n,2,,296,0.74,N,0
VIIRS_SNPP_SP,8.81605,78.03962,330.19,,0.33,0.55,2024-05-08,0840,SNPP,VIIRS,n,2,280.52,,2.49,D,0
VIIRS_SNPP_SP,8.8183,78.03969,331.26,,0.33,0.55,2024-05-08,0840,SNPP,VIIRS,n,2,279.95,,2.17,D,0
VIIRS_SNPP_SP,8.86871,78.15816,347.04,,0.43,0.46,2024-05-27,0744,SNPP,VIIRS,n,2,282.15,,5.8,D,0
VIIRS_NOAA20_SP,8.86799,78.15865,,343.23,0.39,0.36,2024-05-27,809,NOAA-20,VIIRS,n,2,,283.26,5.05,D,0
VIIRS_NOAA20_SP,8.82794,77.99696,,346.78,0.36,0.58,2024-05-29,731,NOAA-20,VIIRS,n,2,,281.34,5.09,D,0
VIIRS_NOAA20_SP,8.84887,78.03256,,339.17,0.51,0.5,2024-05-31,834,NOAA-20,VIIRS,n,2,,294.08,3.78,D,0
VIIRS_SNPP_SP,8.86835,78.15629,333.12,,0.42,0.38,2024-06-05,0815,SNPP,VIIRS,n,2,297.56,,3.13,D,0
VIIRS_SNPP_SP,8.86909,78.15705,333.93,,0.39,0.36,2024-06-11,0802,SNPP,VIIRS,l,2,305.32,,3.19,D,0
VIIRS_NOAA20_SP,8.48618,78.08398,,330.81,0.4,0.44,2024-06-11,827,NOAA-20,VIIRS,n,2,,298.6,3.36,D,0
VIIRS_NOAA20_SP,8.8494,78.12961,,334.43,0.4,0.45,2024-06-11,827,NOAA-20,VIIRS,n,2,,299.92,2.34,D,0
VIIRS_NOAA20_SP,8.86119,77.91746,,336.96,0.39,0.44,2024-06-11,827,NOAA-20,VIIRS,n,2,,300.69,4.14,D,0
VIIRS_NOAA20_SP,8.86577,78.15739,,340.09,0.41,0.45,2024-06-11,827,NOAA-20,VIIRS,n,2,,301.3,4.31,D,0
VIIRS_SNPP_SP,8.69778,77.97237,339.06,,0.4,0.6,2024-06-14,0846,SNPP,VIIRS,n,2,297.29,,3.61,D,0
VIIRS_SNPP_SP,8.85642,78.11545,332.88,,0.41,0.61,2024-06-14,0846,SNPP,VIIRS,n,2,295.51,,1.9,D,0
VIIRS_NOAA20_SP,8.58278,78.12844,,330.89,0.77,0.78,2024-06-15,712,NOAA-20,VIIRS,n,2,,281.11,6.07,D,0
VIIRS_SNPP_SP,8.86248,77.94221,335.91,,0.39,0.44,2024-06-15,0827,SNPP,VIIRS,n,2,304.89,,2.07,D,0
MODIS_SP,8.5797,78.1195,370.5,,1.1,1,2024-06-15,900,Aqua,MODIS,0,61.03,309.2,,117.3,D,0
MODIS_SP,8.5811,78.1293,381.4,,1.1,1,2024-06-15,900,Aqua,MODIS,0,61.03,309.2,,164.8,D,0
MODIS_SP,8.712,78.0187,334,,1.1,1,2024-06-15,900,Aqua,MODIS,55,61.03,311.7,,14.3,D,0
VIIRS_SNPP_SP,8.8781,77.98127,341.04,,0.54,0.42,2024-06-17,0749,SNPP,VIIRS,n,2,301.91,,6.99,D,0
VIIRS_NOAA20_SP,8.94248,78.14299,,334.72,0.42,0.37,2024-06-17,814,NOAA-20,VIIRS,n,2,,302.88,3.05,D,0
VIIRS_SNPP_SP,8.42725,77.89819,335.28,,0.4,0.37,2024-06-21,0814,SNPP,VIIRS,n,2,299.06,,2.74,D,0
VIIRS_SNPP_SP,8.6038,77.88997,332.69,,0.41,0.37,2024-06-21,0814,SNPP,VIIRS,n,2,297.51,,1.81,D,0
VIIRS_SNPP_SP,8.66401,77.87348,335.21,,0.4,0.37,2024-06-21,0814,SNPP,VIIRS,n,2,298.01,,3.99,D,0
VIIRS_SNPP_SP,8.85192,78.11147,335.16,,0.41,0.37,2024-06-21,0814,SNPP,VIIRS,n,2,294.98,,2.73,D,0
VIIRS_NOAA20_SP,8.55964,78.11308,,332.55,0.32,0.55,2024-06-21,839,NOAA-20,VIIRS,n,2,,289.91,3.5,D,0
VIIRS_NOAA20_SP,8.56003,78.116,,340.41,0.32,0.55,2024-06-21,839,NOAA-20,VIIRS,n,2,,289.3,3.76,D,0
VIIRS_SNPP_SP,8.60453,78.0929,332.83,,0.45,0.47,2024-06-28,0743,SNPP,VIIRS,n,2,299.29,,3.63,D,0
VIIRS_SNPP_SP,8.78485,77.98743,349.71,,0.45,0.47,2024-06-28,0743,SNPP,VIIRS,n,2,304.4,,14.33,D,0
VIIRS_SNPP_SP,8.82616,77.91669,334.72,,0.46,0.47,2024-06-28,0743,SNPP,VIIRS,n,2,302.72,,4.29,D,0
VIIRS_SNPP_SP,8.83277,78.03432,348.69,,0.45,0.47,2024-06-28,0743,SNPP,VIIRS,n,2,301.13,,6.2,D,0
VIIRS_SNPP_SP,8.83707,78.03359,347.02,,0.45,0.47,2024-06-28,0743,SNPP,VIIRS,n,2,301.3,,7.41,D,0
VIIRS_NOAA20_SP,8.60311,78.09219,,339.11,0.38,0.36,2024-06-28,808,NOAA-20,VIIRS,n,2,,305.7,4.94,D,0
VIIRS_NOAA20_SP,8.78096,77.99014,,346.2,0.38,0.36,2024-06-28,808,NOAA-20,VIIRS,n,2,,307.55,8.07,D,0
VIIRS_NOAA20_SP,8.78374,77.98617,,350.62,0.38,0.36,2024-06-28,808,NOAA-20,VIIRS,n,2,,311.65,8.07,D,0
VIIRS_NOAA20_SP,8.78427,77.98965,,349.45,0.38,0.36,2024-06-28,808,NOAA-20,VIIRS,n,2,,310.82,8.07,D,0
VIIRS_NOAA20_SP,8.89945,77.96387,,345.78,0.38,0.36,2024-06-28,808,NOAA-20,VIIRS,n,2,,308.97,4.69,D,0
VIIRS_NOAA20_SP,8.94937,77.9136,,338.54,0.38,0.36,2024-06-28,808,NOAA-20,VIIRS,l,2,,310.34,5.15,D,0
VIIRS_SNPP_SP,8.86662,78.15272,333.35,,0.39,0.36,2024-06-28,2019,SNPP,VIIRS,n,2,294.46,,5.42,N,0
VIIRS_SNPP_SP,8.86993,78.15325,319.98,,0.39,0.36,2024-06-28,2019,SNPP,VIIRS,n,2,293.65,,3.64,N,0
VIIRS_NOAA20_SP,8.86799,78.15305,,336.48,0.5,0.49,2024-06-28,2043,NOAA-20,VIIRS,n,2,,292.58,6.42,N,0
VIIRS_SNPP_SP,8.85113,77.97352,332.45,,0.47,0.64,2024-06-29,0724,SNPP,VIIRS,n,2,291.51,,4.75,D,0
VIIRS_SNPP_SP,8.85194,77.97781,337.66,,0.47,0.64,2024-06-29,0724,SNPP,VIIRS,n,2,291.47,,4.75,D,0
VIIRS_SNPP_SP,8.85255,77.96815,344.41,,0.47,0.64,2024-06-29,0724,SNPP,VIIRS,n,2,291.93,,6.25,D,0
VIIRS_SNPP_SP,8.85334,77.97247,346.08,,0.47,0.64,2024-06-29,0724,SNPP,VIIRS,n,2,291.61,,4.82,D,0
VIIRS_SNPP_SP,8.85412,77.97678,336.25,,0.47,0.64,2024-06-29,0724,SNPP,VIIRS,n,2,291.39,,4.82,D,0
VIIRS_SNPP_SP,8.85623,77.96816,343.24,,0.47,0.64,2024-06-29,0724,SNPP,VIIRS,n,2,291.15,,8.13,D,0
VIIRS_SNPP_SP,8.94114,77.94877,336.71,,0.47,0.64,2024-06-29,0724,SNPP,VIIRS,n,2,291.66,,6.83,D,0
VIIRS_NOAA20_SP,8.82552,77.91838,,336.17,0.55,0.43,2024-06-29,749,NOAA-20,VIIRS,n,2,,301.77,3.15,D,0
VIIRS_NOAA20_SP,8.84068,77.93401,,332.29,0.55,0.43,2024-06-29,749,NOAA-20,VIIRS,n,2,,299.61,2.1,D,0
VIIRS_NOAA20_SP,8.85423,77.96729,,351.25,0.55,0.43,2024-06-29,749,NOAA-20,VIIRS,n,2,,302.43,33.31,D,0
VIIRS_NOAA20_SP,8.93895,77.94827,,334.08,0.55,0.43,2024-06-29,749,NOAA-20,VIIRS,n,2,,298.98,3.96,D,0
VIIRS_NOAA20_SP,8.93987,77.94962,,332,0.55,0.43,2024-06-29,749,NOAA-20,VIIRS,n,2,,299.34,4.39,D,0
VIIRS_NOAA20_SP,8.40499,78.04606,,317.15,0.41,0.37,2024-06-29,2025,NOAA-20,VIIRS,n,2,,294.26,2.6,N,0
MODIS_SP,8.9395,78.13,326.2,,1.2,1.1,2024-06-30,448,Terra,MODIS,50,61.03,295,,11.7,D,0
VIIRS_NOAA20_SP,8.82691,77.98688,,333.41,0.38,0.58,2024-06-30,730,NOAA-20,VIIRS,n,2,,292.49,1.97,D,0
VIIRS_NOAA20_SP,8.82851,77.98395,,343.24,0.38,0.58,2024-06-30,730,NOAA-20,VIIRS,n,2,,293.67,2.5,D,0
VIIRS_NOAA20_SP,8.8291,77.98732,,336.29,0.38,0.58,2024-06-30,730,NOAA-20,VIIRS,n,2,,292.51,2.5,D,0
VIIRS_NOAA20_SP,8.83162,77.98257,,331.18,0.38,0.58,2024-06-30,730,NOAA-20,VIIRS,n,2,,293.54,3.2,D,0
VIIRS_SNPP_SP,8.75959,77.91073,367,,0.4,0.6,2024-06-30,0846,SNPP,VIIRS,h,2,295.46,,24.47,D,0
VIIRS_SNPP_SP,8.76008,77.91443,333.94,,0.4,0.6,2024-06-30,0846,SNPP,VIIRS,n,2,293.15,,24.47,D,0
VIIRS_SNPP_SP,8.76468,77.90635,353.39,,0.4,0.6,2024-06-30,0846,SNPP,VIIRS,n,2,293.25,,18.51,D,0
VIIRS_SNPP_SP,8.76516,77.91005,367,,0.4,0.6,2024-06-30,0846,SNPP,VIIRS,h,2,294.02,,24.47,D,0
VIIRS_SNPP_SP,8.76565,77.91374,367,,0.4,0.6,2024-06-30,0846,SNPP,VIIRS,h,2,293.4,,24.47,D,0
VIIRS_SNPP_SP,8.8295,77.98383,330.22,,0.4,0.6,2024-06-30,0846,SNPP,VIIRS,n,2,293.05,,2,D,0
MODIS_SP,8.7549,77.9125,327.4,,2.4,1.5,2024-06-30,921,Aqua,MODIS,56,61.03,298,,23.3,D,0
VIIRS_SNPP_SP,8.84271,77.98981,331.26,,0.39,0.44,2024-07-01,0827,SNPP,VIIRS,n,2,282.95,,1.97,D,0
VIIRS_SNPP_SP,8.84626,77.95654,333.12,,0.39,0.44,2024-07-01,0827,SNPP,VIIRS,n,2,279.23,,3.48,D,0
VIIRS_SNPP_SP,8.82099,77.97897,333.43,,0.38,0.36,2024-07-02,0808,SNPP,VIIRS,n,2,293.21,,2.9,D,0
VIIRS_SNPP_SP,8.78323,77.9415,339.95,,0.54,0.42,2024-07-03,0749,SNPP,VIIRS,n,2,302.45,,9.85,D,0
VIIRS_SNPP_SP,8.8344,78.03383,336.91,,0.54,0.42,2024-07-03,0749,SNPP,VIIRS,n,2,301.66,,11.17,D,0
VIIRS_NOAA20_SP,8.75372,78.1125,,331.65,0.41,0.37,2024-07-03,814,NOAA-20,VIIRS,n,2,,299.74,1.85,D,0
VIIRS_NOAA20_SP,8.78103,77.94107,,341.89,0.41,0.37,2024-07-03,814,NOAA-20,VIIRS,n,2,,304.96,7.68,D,0
VIIRS_NOAA20_SP,8.86991,78.04517,,337.83,0.41,0.37,2024-07-03,814,NOAA-20,VIIRS,n,2,,301.08,5.48,D,0
VIIRS_NOAA20_SP,8.75262,77.95571,,343.84,0.59,0.53,2024-07-05,736,NOAA-20,VIIRS,n,2,,298.47,9.53,D,0
VIIRS_NOAA20_SP,8.75354,77.96097,,336.75,0.59,0.53,2024-07-05,736,NOAA-20,VIIRS,n,2,,297.95,9.53,D,0
VIIRS_NOAA20_SP,8.80447,78.02752,,338.29,0.58,0.52,2024-07-05,736,NOAA-20,VIIRS,n,2,,297.07,1.76,D,0
VIIRS_NOAA20_SP,8.8364,78.04107,,351.55,0.58,0.52,2024-07-05,736,NOAA-20,VIIRS,n,2,,297.36,37.67,D,0
VIIRS_NOAA20_SP,8.83664,78.04342,,348.35,0.58,0.52,2024-07-05,736,NOAA-20,VIIRS,n,2,,297.37,13.9,D,0
VIIRS_NOAA20_SP,8.83731,78.04624,,351.06,0.58,0.52,2024-07-05,736,NOAA-20,VIIRS,n,2,,300.71,37.67,D,0
VIIRS_NOAA20_SP,8.83751,78.0486,,344.27,0.58,0.52,2024-07-05,736,NOAA-20,VIIRS,n,2,,297.75,14.85,D,0
VIIRS_NOAA20_SP,8.84116,78.04025,,349.8,0.58,0.52,2024-07-05,736,NOAA-20,VIIRS,n,2,,297,27.52,D,0
VIIRS_NOAA20_SP,8.84208,78.04542,,354.89,0.58,0.52,2024-07-05,736,NOAA-20,VIIRS,n,2,,297.6,27.52,D,0
VIIRS_SNPP_SP,8.75362,77.96954,330.49,,0.52,0.67,2024-07-05,0852,SNPP,VIIRS,n,2,292.18,,3.99,D,0
VIIRS_SNPP_SP,8.83747,78.04829,332.88,,0.52,0.67,2024-07-05,0852,SNPP,VIIRS,n,2,292.86,,3.21,D,0
VIIRS_SNPP_SP,8.84103,78.04181,331.27,,0.52,0.67,2024-07-05,0852,SNPP,VIIRS,n,2,292.7,,4.32,D,0
VIIRS_SNPP_SP,8.84162,78.04674,344.63,,0.52,0.67,2024-07-05,0852,SNPP,VIIRS,n,2,293.42,,4.32,D,0
VIIRS_SNPP_SP,8.84371,78.04755,342.34,,0.52,0.67,2024-07-05,0852,SNPP,VIIRS,n,2,293.08,,6.74,D,0
MODIS_SP,8.8835,77.9798,324.3,,1,1,2024-07-07,436,Terra,MODIS,72,61.03,303,,6.8,D,0
VIIRS_SNPP_SP,8.35513,77.90544,340.28,,0.41,0.37,2024-07-07,0814,SNPP,VIIRS,n,2,301.86,,5.92,D,0
VIIRS_SNPP_SP,8.50456,78.0464,345.72,,0.41,0.37,2024-07-07,0815,SNPP,VIIRS,n,2,303.67,,8.92,D,0
VIIRS_SNPP_SP,8.66399,77.85104,332.54,,0.41,0.37,2024-07-07,0815,SNPP,VIIRS,n,2,301,,2.59,D,0
VIIRS_SNPP_SP,8.85443,78.12583,340.28,,0.42,0.37,2024-07-07,0815,SNPP,VIIRS,n,2,301.87,,5.96,D,0
VIIRS_SNPP_SP,8.85483,77.93722,349.65,,0.41,0.37,2024-07-07,0815,SNPP,VIIRS,n,2,304.56,,6.19,D,0
VIIRS_SNPP_SP,8.85499,78.12962,335.5,,0.42,0.37,2024-07-07,0815,SNPP,VIIRS,n,2,300.11,,2.8,D,0
VIIRS_SNPP_SP,8.86925,78.15468,338.76,,0.42,0.38,2024-07-07,0815,SNPP,VIIRS,n,2,301.5,,4.51,D,0
VIIRS_SNPP_SP,8.87369,78.06498,333.71,,0.42,0.37,2024-07-07,0815,SNPP,VIIRS,n,2,303.22,,3.76,D,0
VIIRS_SNPP_SP,8.9332,77.95197,338.82,,0.41,0.37,2024-07-07,0815,SNPP,VIIRS,n,2,303.46,,1.84,D,0
VIIRS_SNPP_SP,8.93375,77.95573,337.36,,0.41,0.37,2024-07-07,0815,SNPP,VIIRS,n,2,302.7,,1.88,D,0
VIIRS_NOAA20_SP,8.35018,77.90517,,332.82,0.62,0.54,2024-07-07,839,NOAA-20,VIIRS,n,2,,294.84,4.6,D,0
VIIRS_NOAA20_SP,8.5012,78.04509,,330.69,0.63,0.54,2024-07-07,839,NOAA-20,VIIRS,n,2,,294.1,6.02,D,0
VIIRS_NOAA20_SP,8.50197,78.05086,,332.08,0.63,0.54,2024-07-07,839,NOAA-20,VIIRS,n,2,,291.99,6.02,D,0
VIIRS_NOAA20_SP,8.73345,78.10287,,333.67,0.32,0.55,2024-07-07,839,NOAA-20,VIIRS,n,2,,294.12,1.19,D,0
VIIRS_NOAA20_SP,8.85429,78.12776,,330.57,0.32,0.55,2024-07-07,839,NOAA-20,VIIRS,n,2,,292.5,1.24,D,0
VIIRS_NOAA20_SP,8.86841,78.15614,,333.98,0.33,0.55,2024-07-07,839,NOAA-20,VIIRS,n,2,,291.94,2.23,D,0
VIIRS_NOAA20_SP,8.87104,78.0662,,333.55,0.32,0.55,2024-07-07,839,NOAA-20,VIIRS,n,2,,292.94,2.04,D,0
VIIRS_NOAA20_SP,8.87156,78.06556,,331.23,0.32,0.55,2024-07-07,839,NOAA-20,VIIRS,n,2,,292.71,1.76,D,0
MODIS_SP,8.7866,78.0104,319,,1.7,1.3,2024-07-09,418,Terra,MODIS,57,61.03,289.2,,13.6,D,0
MODIS_SP,8.798,78.0022,318.1,,1.7,1.3,2024-07-09,418,Terra,MODIS,69,61.03,289.4,,11.6,D,0
VIIRS_NOAA20_SP,8.90385,78.0457,,342.48,0.4,0.37,2024-07-09,801,NOAA-20,VIIRS,n,2,,303.84,4.43,D,0
VIIRS_NOAA20_SP,8.54187,78.09836,,337.62,0.45,0.47,2024-07-10,743,NOAA-20,VIIRS,n,2,,298.75,4.68,D,0
VIIRS_NOAA20_SP,8.57322,77.97078,,334.48,0.46,0.47,2024-07-10,743,NOAA-20,VIIRS,n,2,,297.67,2.71,D,0
VIIRS_NOAA20_SP,8.57392,77.97491,,344.31,0.46,0.47,2024-07-10,743,NOAA-20,VIIRS,n,2,,297.91,4.82,D,0
VIIRS_NOAA20_SP,8.85385,77.91656,,333.89,0.46,0.47,2024-07-10,743,NOAA-20,VIIRS,n,2,,299.58,1.56,D,0
VIIRS_NOAA20_SP,8.82529,78.06059,,310.04,0.39,0.36,2024-07-10,2019,NOAA-20,VIIRS,n,2,,293.71,0.61,N,0
VIIRS_NOAA20_SP,8.78088,78.01186,,356.3,0.48,0.65,2024-07-11,724,NOAA-20,VIIRS,n,2,,291.18,14.22,D,0
VIIRS_NOAA20_SP,8.78166,78.01612,,348.5,0.48,0.65,2024-07-11,724,NOAA-20,VIIRS,n,2,,291.21,9.72,D,0
VIIRS_NOAA20_SP,8.78244,78.02039,,344.52,0.48,0.65,2024-07-11,724,NOAA-20,VIIRS,n,2,,290.91,9.72,D,0
VIIRS_NOAA20_SP,8.88633,77.91144,,336.7,0.48,0.65,2024-07-11,724,NOAA-20,VIIRS,n,2,,292.89,8.32,D,0
VIIRS_NOAA20_SP,8.88913,77.91438,,343.39,0.48,0.65,2024-07-11,724,NOAA-20,VIIRS,n,2,,292.93,5.41,D,0
VIIRS_SNPP_SP,8.86977,78.15801,331.32,,0.39,0.36,2024-07-18,0809,SNPP,VIIRS,n,2,268.73,,3.42,D,0
VIIRS_SNPP_SP,8.59736,77.88235,347.67,,0.54,0.42,2024-07-19,0750,SNPP,VIIRS,n,2,295.09,,10.75,D,0
VIIRS_SNPP_SP,8.60126,77.8817,337.51,,0.54,0.42,2024-07-19,0750,SNPP,VIIRS,n,2,293.61,,5.08,D,0
VIIRS_SNPP_SP,8.85297,77.99994,335.47,,0.53,0.42,2024-07-19,0750,SNPP,VIIRS,l,2,307.73,,44.71,D,0
VIIRS_SNPP_SP,8.85682,77.99931,338.1,,0.53,0.42,2024-07-19,0750,SNPP,VIIRS,n,2,302.07,,44.71,D,0
VIIRS_SNPP_SP,8.85762,78.00415,344.37,,0.53,0.42,2024-07-19,0750,SNPP,VIIRS,n,2,302.88,,44.71,D,0
VIIRS_SNPP_SP,8.87554,78.0898,334.97,,0.53,0.42,2024-07-19,0750,SNPP,VIIRS,n,2,304.3,,1.94,D,0
VIIRS_NOAA20_SP,8.56933,78.04806,,331.98,0.41,0.37,2024-07-19,814,NOAA-20,VIIRS,n,2,,298.13,1.99,D,0
VIIRS_NOAA20_SP,8.59704,77.88096,,340.72,0.41,0.37,2024-07-19,814,NOAA-20,VIIRS,n,2,,297.49,3.59,D,0
VIIRS_NOAA20_SP,8.59758,77.88464,,338.83,0.41,0.37,2024-07-19,814,NOAA-20,VIIRS,n,2,,299.49,4.08,D,0
VIIRS_NOAA20_SP,8.60044,77.88046,,337.34,0.41,0.37,2024-07-19,814,NOAA-20,VIIRS,n,2,,295.02,3.59,D,0
VIIRS_NOAA20_SP,8.60098,77.88414,,331.08,0.41,0.37,2024-07-19,814,NOAA-20,VIIRS,n,2,,296.96,4.08,D,0
VIIRS_NOAA20_SP,8.69627,77.96055,,347.62,0.41,0.37,2024-07-19,814,NOAA-20,VIIRS,n,2,,303.91,12.19,D,0
VIIRS_NOAA20_SP,8.7763,77.95642,,335.32,0.41,0.37,2024-07-19,814,NOAA-20,VIIRS,l,2,,307.27,3.06,D,0
VIIRS_NOAA20_SP,8.85277,78.00143,,338.87,0.41,0.37,2024-07-19,814,NOAA-20,VIIRS,n,2,,306.73,3.1,D,0
VIIRS_NOAA20_SP,8.85619,78.00092,,349.76,0.41,0.37,2024-07-19,814,NOAA-20,VIIRS,n,2,,304.61,3.99,D,0
VIIRS_NOAA20_SP,8.85673,78.00466,,332.4,0.41,0.37,2024-07-19,814,NOAA-20,VIIRS,l,2,,304.86,1.8,D,0
VIIRS_NOAA20_SP,8.87982,78.04338,,346.83,0.41,0.37,2024-07-19,814,NOAA-20,VIIRS,n,2,,306.99,8.92,D,0
VIIRS_NOAA20_SP,8.88325,78.04288,,334.15,0.41,0.37,2024-07-19,814,NOAA-20,VIIRS,l,2,,306.33,2.56,D,0
MODIS_SP,8.6907,77.9613,327.1,,1.3,1.1,2024-07-19,908,Aqua,MODIS,80,61.03,303.9,,12.3,D,0
VIIRS_SNPP_SP,8.82475,77.95589,339.38,,0.41,0.37,2024-07-23,0815,SNPP,VIIRS,n,2,307.51,,3.5,D,0
VIIRS_SNPP_SP,8.86843,78.15908,335.51,,0.42,0.38,2024-07-23,0815,SNPP,VIIRS,n,2,301.88,,3.37,D,0
VIIRS_SNPP_SP,8.87395,77.97946,339.58,,0.42,0.37,2024-07-23,0815,SNPP,VIIRS,n,2,306.86,,5.61,D,0
VIIRS_SNPP_SP,8.90615,77.91679,335.99,,0.41,0.37,2024-07-23,0815,SNPP,VIIRS,l,2,306.07,,2.2,D,0
VIIRS_NOAA20_SP,8.81002,78.03291,,334.57,0.32,0.55,2024-07-23,839,NOAA-20,VIIRS,n,2,,298.46,1.72,D,0
VIIRS_NOAA20_SP,8.8104,78.03584,,331.95,0.32,0.55,2024-07-23,839,NOAA-20,VIIRS,n,2,,299.57,1.72,D,0
VIIRS_NOAA20_SP,8.82905,78.06046,,334.18,0.32,0.55,2024-07-23,839,NOAA-20,VIIRS,n,2,,299.2,0.93,D,0
VIIRS_NOAA20_SP,8.86891,77.97808,,334.05,0.32,0.55,2024-07-23,839,NOAA-20,VIIRS,n,2,,299.75,2.2,D,0
VIIRS_NOAA20_SP,8.86921,77.97758,,334.96,0.32,0.55,2024-07-23,839,NOAA-20,VIIRS,n,2,,299.68,1.88,D,0
VIIRS_NOAA20_SP,8.94623,77.94414,,330.95,0.32,0.55,2024-07-23,839,NOAA-20,VIIRS,n,2,,300.1,1.35,D,0
VIIRS_SNPP_SP,8.83318,78.05424,313.55,,0.32,0.55,2024-07-23,2051,SNPP,VIIRS,n,2,291.93,,1.8,N,0
VIIRS_NOAA20_SP,8.42176,78.04371,,338.85,0.48,0.4,2024-07-24,820,NOAA-20,VIIRS,n,2,,290.43,6.1,D,0
VIIRS_NOAA20_SP,8.42543,78.04319,,332.53,0.48,0.4,2024-07-24,820,NOAA-20,VIIRS,n,2,,289.9,6.1,D,0
VIIRS_NOAA20_SP,8.4811,78.03965,,337.54,0.48,0.4,2024-07-24,820,NOAA-20,VIIRS,n,2,,287.19,3.94,D,0
VIIRS_NOAA20_SP,8.92283,78.07436,,335,0.49,0.4,2024-07-24,820,NOAA-20,VIIRS,n,2,,298.93,3.93,D,0
MODIS_SP,8.8861,78.0531,328.8,,1,1,2024-07-26,858,Aqua,MODIS,76,61.03,300.7,,8.5,D,0
MODIS_SP,8.895,78.0518,328.5,,1,1,2024-07-26,858,Aqua,MODIS,76,61.03,302.8,,7.6,D,0
VIIRS_NOAA20_SP,8.892,78.05025,,315.13,0.39,0.36,2024-07-26,2019,NOAA-20,VIIRS,n,2,,286.43,1.83,N,0
VIIRS_NOAA20_SP,8.7813,77.92518,,331.81,0.54,0.42,2024-07-31,749,NOAA-20,VIIRS,n,2,,292.85,3.19,D,0
VIIRS_NOAA20_SP,8.84389,78.08848,,347.06,0.53,0.42,2024-07-31,749,NOAA-20,VIIRS,n,2,,301.66,9,D,0
VIIRS_NOAA20_SP,8.84468,78.09325,,335.99,0.53,0.42,2024-07-31,749,NOAA-20,VIIRS,n,2,,301.09,4.81,D,0
VIIRS_NOAA20_SP,8.62464,77.92315,,340.28,0.38,0.58,2024-08-01,730,NOAA-20,VIIRS,n,2,,289.42,2.89,D,0
VIIRS_NOAA20_SP,8.86586,78.15234,,334.2,0.36,0.57,2024-08-01,730,NOAA-20,VIIRS,n,2,,291.76,2.25,D,0
VIIRS_SNPP_SP,8.43415,78.00982,330.32,,0.4,0.44,2024-08-02,0828,SNPP,VIIRS,n,2,292.91,,1.55,D,0
VIIRS_SNPP_SP,8.6448,77.88808,338.86,,0.39,0.44,2024-08-02,0828,SNPP,VIIRS,n,2,292.03,,3.17,D,0
VIIRS_SNPP_SP,8.77736,78.06974,332.99,,0.4,0.45,2024-08-02,0828,SNPP,VIIRS,n,2,291.57,,2.73,D,0
VIIRS_SNPP_SP,8.80104,78.05886,343.29,,0.4,0.45,2024-08-02,0828,SNPP,VIIRS,n,2,292.14,,5.87,D,0
VIIRS_SNPP_SP,8.94805,78.13267,330.55,,0.41,0.45,2024-08-02,0828,SNPP,VIIRS,n,2,290.91,,2.35,D,0
VIIRS_SNPP_SP,8.62145,77.88059,353.09,,0.38,0.36,2024-08-03,0809,SNPP,VIIRS,n,2,305.87,,5.88,D,0
VIIRS_SNPP_SP,8.62477,77.88008,343.09,,0.38,0.36,2024-08-03,0809,SNPP,VIIRS,n,2,305.14,,5.88,D,0
VIIRS_NOAA20_SP,8.61748,77.88084,,341.82,0.49,0.49,2024-08-03,833,NOAA-20,VIIRS,n,2,,299.46,3.78,D,0
VIIRS_NOAA20_SP,8.62195,77.88024,,352.94,0.49,0.49,2024-08-03,833,NOAA-20,VIIRS,n,2,,300.62,8,D,0
VIIRS_SNPP_SP,8.75036,78.07318,334.3,,0.52,0.42,2024-08-04,0750,SNPP,VIIRS,n,2,297.56,,4.04,D,0
VIIRS_SNPP_SP,8.75112,78.07793,341.11,,0.52,0.42,2024-08-04,0750,SNPP,VIIRS,n,2,299.11,,4.04,D,0
VIIRS_SNPP_SP,8.75189,78.08269,352.21,,0.52,0.42,2024-08-04,0750,SNPP,VIIRS,n,2,300.01,,7.16,D,0
VIIRS_SNPP_SP,8.75231,78.07465,334.1,,0.52,0.42,2024-08-04,0750,SNPP,VIIRS,n,2,296.51,,3.8,D,0
VIIRS_SNPP_SP,8.75265,78.08744,342.89,,0.52,0.42,2024-08-04,0750,SNPP,VIIRS,n,2,298.67,,7.16,D,0
VIIRS_SNPP_SP,8.7531,78.07939,344.72,,0.52,0.42,2024-08-04,0750,SNPP,VIIRS,n,2,298.43,,3.8,D,0
VIIRS_SNPP_SP,8.75389,78.08412,333.29,,0.52,0.42,2024-08-04,0750,SNPP,VIIRS,n,2,298.03,,4.95,D,0
VIIRS_SNPP_SP,8.75469,78.08886,339.46,,0.52,0.42,2024-08-04,0750,SNPP,VIIRS,n,2,299.15,,4.95,D,0
VIIRS_SNPP_SP,8.75648,78.08681,331.93,,0.52,0.42,2024-08-04,0750,SNPP,VIIRS,n,2,297.84,,2.44,D,0
VIIRS_SNPP_SP,8.86785,78.15744,332.99,,0.52,0.41,2024-08-04,0750,SNPP,VIIRS,n,2,300.41,,4.23,D,0
VIIRS_SNPP_SP,8.90811,77.8587,338.76,,0.54,0.42,2024-08-04,0750,SNPP,VIIRS,n,2,299.48,,8.34,D,0
VIIRS_NOAA20_SP,8.44309,77.96668,,336.68,0.41,0.37,2024-08-04,814,NOAA-20,VIIRS,n,2,,302.77,3.35,D,0
VIIRS_NOAA20_SP,8.44363,77.97039,,334.34,0.41,0.37,2024-08-04,814,NOAA-20,VIIRS,n,2,,302.54,1.77,D,0
VIIRS_NOAA20_SP,8.74964,78.07785,,339.51,0.42,0.37,2024-08-04,814,NOAA-20,VIIRS,n,2,,302.68,3.24,D,0
VIIRS_NOAA20_SP,8.7502,78.08162,,339.7,0.42,0.37,2024-08-04,814,NOAA-20,VIIRS,n,2,,302.52,3.24,D,0
VIIRS_NOAA20_SP,8.75075,78.08539,,346.54,0.42,0.37,2024-08-04,814,NOAA-20,VIIRS,n,2,,302.76,3.43,D,0
VIIRS_NOAA20_SP,8.75131,78.08915,,339.86,0.42,0.37,2024-08-04,814,NOAA-20,VIIRS,n,2,,301.18,3.43,D,0
VIIRS_NOAA20_SP,8.75474,78.08865,,337.26,0.42,0.37,2024-08-04,814,NOAA-20,VIIRS,n,2,,303.18,3.87,D,0
VIIRS_NOAA20_SP,8.8664,78.15733,,338.38,0.42,0.38,2024-08-04,814,NOAA-20,VIIRS,n,2,,302.1,3.86,D,0
MODIS_SP,8.7796,78,327.7,,1.2,1.1,2024-08-05,425,Terra,MODIS,78,61.03,297.5,,15,D,0
VIIRS_NOAA20_SP,8.57783,77.90773,,331.96,0.59,0.53,2024-08-06,736,NOAA-20,VIIRS,n,2,,295.3,7.6,D,0
VIIRS_NOAA20_SP,8.79164,77.92057,,337.28,0.58,0.52,2024-08-06,736,NOAA-20,VIIRS,n,2,,298.48,8.91,D,0
VIIRS_NOAA20_SP,8.7964,77.91972,,336.66,0.58,0.52,2024-08-06,736,NOAA-20,VIIRS,n,2,,298.7,7.98,D,0
VIIRS_SNPP_SP,8.73146,78.10392,331.5,,0.52,0.5,2024-08-07,0834,SNPP,VIIRS,n,2,292.16,,3.11,D,0
VIIRS_SNPP_SP,8.85004,77.98792,341.75,,0.44,0.38,2024-08-09,0756,SNPP,VIIRS,l,2,303.4,,12.62,D,0
VIIRS_NOAA20_SP,8.71427,78.10085,,336.26,0.49,0.4,2024-08-09,820,NOAA-20,VIIRS,n,2,,295.79,3.25,D,0
VIIRS_NOAA20_SP,8.83425,78.10335,,336.07,0.49,0.4,2024-08-09,820,NOAA-20,VIIRS,n,2,,298.82,4.07,D,0
VIIRS_NOAA20_SP,8.86851,78.15755,,332.49,0.49,0.41,2024-08-09,820,NOAA-20,VIIRS,n,2,,298.96,3.16,D,0
VIIRS_SNPP_SP,8.82023,78.03574,333.41,,0.55,0.51,2024-08-10,0737,SNPP,VIIRS,n,2,290.55,,6.96,D,0
VIIRS_SNPP_SP,8.82113,78.04078,331.2,,0.55,0.51,2024-08-10,0737,SNPP,VIIRS,n,2,292.75,,6.96,D,0
VIIRS_SNPP_SP,8.82323,78.03284,341.22,,0.55,0.51,2024-08-10,0737,SNPP,VIIRS,n,2,291.47,,8.02,D,0
VIIRS_SNPP_SP,8.8241,78.0379,334.31,,0.55,0.51,2024-08-10,0737,SNPP,VIIRS,n,2,290.96,,8.02,D,0
VIIRS_SNPP_SP,8.82495,78.03495,367,,0.55,0.51,2024-08-10,0737,SNPP,VIIRS,h,2,293.41,,6.96,D,0
VIIRS_SNPP_SP,8.82585,78.03999,332.86,,0.55,0.51,2024-08-10,0737,SNPP,VIIRS,n,2,290.01,,6.96,D,0
VIIRS_SNPP_SP,8.82795,78.03203,335.35,,0.55,0.51,2024-08-10,0737,SNPP,VIIRS,n,2,291.93,,9.56,D,0
VIIRS_SNPP_SP,8.82882,78.03709,345.08,,0.55,0.51,2024-08-10,0737,SNPP,VIIRS,n,2,290.62,,9.56,D,0
VIIRS_SNPP_SP,8.82967,78.03415,348.34,,0.55,0.51,2024-08-10,0737,SNPP,VIIRS,n,2,289.27,,8.86,D,0
VIIRS_NOAA20_SP,8.82352,78.04247,,344.32,0.39,0.37,2024-08-10,802,NOAA-20,VIIRS,l,2,,299.41,17.45,D,0
VIIRS_NOAA20_SP,8.8756,78.13615,,336.73,0.39,0.36,2024-08-10,802,NOAA-20,VIIRS,l,2,,299.89,6.43,D,0
VIIRS_SNPP_SP,8.93112,77.95772,336.73,,0.58,0.7,2024-08-11,0719,SNPP,VIIRS,n,2,283.62,,8.87,D,0
VIIRS_SNPP_SP,8.93174,77.96087,329.9,,0.58,0.7,2024-08-11,0719,SNPP,VIIRS,n,2,283.29,,9,D,0
VIIRS_NOAA20_SP,8.81162,78.07884,,347.29,0.44,0.46,2024-08-11,743,NOAA-20,VIIRS,n,2,,289.25,4.15,D,0
MODIS_SP,8.7825,78.1864,314.7,,1,1,2024-08-12,900,Aqua,MODIS,62,61.03,299.4,,8,D,3
VIIRS_SNPP_SP,8.44746,77.97487,335.22,,0.45,0.47,2024-08-15,0744,SNPP,VIIRS,n,2,293.27,,5.08,D,0
VIIRS_SNPP_SP,8.55565,78.10876,343.25,,0.41,0.45,2024-08-18,0828,SNPP,VIIRS,n,2,287.64,,5.63,D,0
VIIRS_NOAA20_SP,8.55458,78.10947,,340.68,0.54,0.68,2024-08-18,852,NOAA-20,VIIRS,n,2,,287.83,6.58,D,0
MODIS_SP,8.8626,78.1572,321.2,,1,1,2024-08-20,439,Terra,MODIS,43,61.03,298.1,,7.1,D,0
VIIRS_SNPP_SP,8.71708,78.04807,333.11,,0.52,0.42,2024-08-20,0750,SNPP,VIIRS,n,2,295.41,,3.77,D,0
VIIRS_SNPP_SP,8.86626,78.15595,331.79,,0.52,0.41,2024-08-20,0750,SNPP,VIIRS,n,2,295.57,,4.84,D,0
VIIRS_NOAA20_SP,8.86763,78.15556,,339.95,0.42,0.38,2024-08-20,814,NOAA-20,VIIRS,n,2,,297.71,6.52,D,0
VIIRS_SNPP_SP,8.69298,78.04221,340.11,,0.42,0.38,2024-08-24,0815,SNPP,VIIRS,n,2,301.94,,5.74,D,0
VIIRS_SNPP_SP,8.74916,78.09986,339.43,,0.42,0.38,2024-08-24,0815,SNPP,VIIRS,n,2,293.67,,5.24,D,0
VIIRS_SNPP_SP,8.9276,78.16771,339.56,,0.42,0.38,2024-08-24,0815,SNPP,VIIRS,n,2,295.74,,3.47,D,0
VIIRS_NOAA20_SP,8.85356,77.93049,,333.51,0.48,0.4,2024-08-25,820,NOAA-20,VIIRS,n,2,,299.43,1.68,D,0
VIIRS_NOAA20_SP,8.85429,77.93401,,334.49,0.48,0.4,2024-08-25,820,NOAA-20,VIIRS,n,2,,299.29,2.37,D,0
VIIRS_NOAA20_SP,8.89182,77.89893,,332.85,0.46,0.47,2024-08-27,742,NOAA-20,VIIRS,n,2,,295.79,1.98,D,0
VIIRS_SNPP_SP,8.86865,78.12007,298.54,,0.39,0.36,2024-08-31,2020,SNPP,VIIRS,n,2,272.77,,0.63,N,0
VIIRS_NOAA20_SP,8.72503,77.96919,,332.61,0.38,0.58,2024-09-02,730,NOAA-20,VIIRS,n,2,,294.94,2.82,D,0
VIIRS_NOAA20_SP,8.76574,77.961,,336.35,0.37,0.58,2024-09-02,730,NOAA-20,VIIRS,n,2,,293.85,2.57,D,0
VIIRS_SNPP_SP,8.59867,77.8938,335.01,,0.41,0.6,2024-09-02,0846,SNPP,VIIRS,n,2,292.69,,2.8,D,0
VIIRS_SNPP_SP,8.59041,78.13144,336.84,,0.39,0.36,2024-09-04,0809,SNPP,VIIRS,n,2,304.85,,2.21,D,0
VIIRS_SNPP_SP,8.60209,78.05098,339.29,,0.39,0.36,2024-09-04,0809,SNPP,VIIRS,n,2,303.61,,5.63,D,0
VIIRS_SNPP_SP,8.88998,78.07737,338.53,,0.39,0.36,2024-09-04,0809,SNPP,VIIRS,n,2,299.02,,5.04,D,0
VIIRS_NOAA20_SP,8.54636,78.10797,,340.35,0.5,0.49,2024-09-04,832,NOAA-20,VIIRS,n,2,,298.03,3.22,D,0
VIIRS_SNPP_SP,8.51961,77.93031,333.41,,0.54,0.42,2024-09-05,0750,SNPP,VIIRS,n,2,302.85,,2.4,D,0
VIIRS_SNPP_SP,8.57577,78.00579,348.73,,0.53,0.42,2024-09-05,0750,SNPP,VIIRS,n,2,303.39,,9.34,D,0
VIIRS_SNPP_SP,8.80347,77.97801,335.86,,0.53,0.42,2024-09-05,0750,SNPP,VIIRS,n,2,302.72,,2.99,D,0
VIIRS_SNPP_SP,8.83937,77.96922,338.86,,0.53,0.42,2024-09-05,0750,SNPP,VIIRS,n,2,304.81,,4.39,D,0
VIIRS_SNPP_SP,8.86653,78.15492,336.8,,0.52,0.41,2024-09-05,0750,SNPP,VIIRS,n,2,298.11,,5.55,D,0
VIIRS_SNPP_SP,8.86715,78.15303,332.94,,0.52,0.41,2024-09-05,0750,SNPP,VIIRS,n,2,297.71,,4.62,D,0
VIIRS_SNPP_SP,8.8679,78.15773,339.54,,0.52,0.41,2024-09-05,0750,SNPP,VIIRS,n,2,298.52,,4.62,D,0
VIIRS_SNPP_SP,8.87033,78.15429,340.99,,0.52,0.41,2024-09-05,0750,SNPP,VIIRS,n,2,296.49,,6.04,D,0
VIIRS_NOAA20_SP,8.52023,77.92903,,338.75,0.41,0.37,2024-09-05,814,NOAA-20,VIIRS,n,2,,308.04,4.85,D,0
VIIRS_NOAA20_SP,8.57293,78.00443,,346.25,0.41,0.37,2024-09-05,814,NOAA-20,VIIRS,n,2,,308.81,4.22,D,0
VIIRS_NOAA20_SP,8.57347,78.00814,,338.78,0.41,0.37,2024-09-05,814,NOAA-20,VIIRS,n,2,,307.69,4.22,D,0
VIIRS_NOAA20_SP,8.78249,78.12166,,341.35,0.42,0.37,2024-09-05,814,NOAA-20,VIIRS,n,2,,306.16,4.88,D,3
VIIRS_NOAA20_SP,8.868,78.15527,,340.84,0.42,0.37,2024-09-05,814,NOAA-20,VIIRS,n,2,,301.1,15.36,D,0
VIIRS_SNPP_SP,8.41917,78.04733,337.31,,0.5,0.49,2024-09-08,0834,SNPP,VIIRS,n,2,272.07,,6.23,D,0
VIIRS_SNPP_SP,8.41974,78.04519,340.61,,0.5,0.49,2024-09-08,0834,SNPP,VIIRS,n,2,272.23,,6.45,D,0
VIIRS_SNPP_SP,8.67968,78.08089,346.43,,0.42,0.38,2024-09-09,0815,SNPP,VIIRS,n,2,297.81,,11.35,D,0
VIIRS_SNPP_SP,8.74268,78.14935,331.11,,0.42,0.38,2024-09-09,0815,SNPP,VIIRS,n,2,299.69,,3.96,D,0
VIIRS_SNPP_SP,8.77073,77.96306,346.74,,0.41,0.37,2024-09-09,0815,SNPP,VIIRS,n,2,301.43,,9.79,D,0
VIIRS_NOAA20_SP,8.93889,78.12753,,338.03,0.49,0.4,2024-09-10,820,NOAA-20,VIIRS,n,2,,303.73,9.31,D,0
VIIRS_SNPP_SP,8.58176,78.02606,333.6,,0.32,0.55,2024-09-13,0840,SNPP,VIIRS,n,2,294.36,,1.36,D,0
VIIRS_SNPP_SP,8.73481,77.95898,345.88,,0.32,0.55,2024-09-13,0840,SNPP,VIIRS,n,2,298.51,,5.47,D,0
VIIRS_SNPP_SP,8.73519,77.96193,367,,0.32,0.55,2024-09-13,0840,SNPP,VIIRS,h,2,299.76,,5.47,D,0
VIIRS_SNPP_SP,8.73557,77.9649,367,,0.32,0.55,2024-09-13,0840,SNPP,VIIRS,h,2,299.3,,9.65,D,0
VIIRS_SNPP_SP,8.73502,78.10223,304.57,,0.46,0.63,2024-09-13,1935,SNPP,VIIRS,n,2,286.24,,1.05,N,0
VIIRS_NOAA20_SP,8.73771,78.10518,,311.14,0.54,0.42,2024-09-13,1959,NOAA-20,VIIRS,n,2,,291.4,2.77,N,0
VIIRS_SNPP_SP,8.57617,77.977,338.14,,0.48,0.4,2024-09-14,0821,SNPP,VIIRS,n,2,302.43,,4.15,D,0
VIIRS_SNPP_SP,8.78657,77.99346,341.59,,0.48,0.4,2024-09-14,0821,SNPP,VIIRS,n,2,302.92,,4.76,D,0
VIIRS_SNPP_SP,8.78719,77.99788,339.68,,0.48,0.4,2024-09-14,0821,SNPP,VIIRS,n,2,302.65,,4.76,D,0
VIIRS_NOAA20_SP,8.58511,78.04212,,331.78,0.41,0.6,2024-09-14,845,NOAA-20,VIIRS,n,2,,292.74,1.63,D,0
VIIRS_SNPP_SP,8.73423,78.1304,338.97,,0.39,0.36,2024-09-15,0802,SNPP,VIIRS,l,2,303.48,,4.8,D,3
VIIRS_NOAA20_SP,8.73344,78.13209,,339.73,0.4,0.44,2024-09-15,826,NOAA-20,VIIRS,n,2,,303.3,3.14,D,3
VIIRS_NOAA20_SP,8.73395,78.13568,,335.25,0.4,0.44,2024-09-15,826,NOAA-20,VIIRS,n,2,,302.63,3.14,D,0
VIIRS_NOAA20_SP,8.74308,78.14178,,346.15,0.4,0.44,2024-09-15,826,NOAA-20,VIIRS,n,2,,302.54,6.57,D,3
VIIRS_NOAA20_SP,8.74359,78.14539,,334.29,0.4,0.44,2024-09-15,826,NOAA-20,VIIRS,n,2,,301.55,5.2,D,3
VIIRS_NOAA20_SP,8.86576,78.15621,,336.37,0.4,0.44,2024-09-15,826,NOAA-20,VIIRS,n,2,,304.26,5.16,D,0
VIIRS_NOAA20_SP,8.86588,78.15782,,335.87,0.4,0.44,2024-09-15,826,NOAA-20,VIIRS,n,2,,303.69,7.11,D,0
VIIRS_SNPP_SP,8.70659,78.07846,340.59,,0.44,0.46,2024-09-16,0743,SNPP,VIIRS,n,2,299.61,,4.28,D,0
VIIRS_SNPP_SP,8.72633,78.09158,342.55,,0.44,0.46,2024-09-16,0743,SNPP,VIIRS,n,2,302.26,,8.11,D,0
VIIRS_SNPP_SP,8.93419,77.88697,335.07,,0.45,0.47,2024-09-16,0743,SNPP,VIIRS,n,2,304.02,,2.6,D,0
VIIRS_NOAA20_SP,8.72628,78.09032,,344.76,0.38,0.36,2024-09-16,807,NOAA-20,VIIRS,n,2,,306.77,6.85,D,0
VIIRS_SNPP_SP,8.67108,77.99337,308.5,,0.39,0.36,2024-09-16,2019,SNPP,VIIRS,n,2,296.02,,0.72,N,0
VIIRS_SNPP_SP,8.84741,78.12166,320.97,,0.39,0.36,2024-09-16,2019,SNPP,VIIRS,n,2,295.67,,1.58,N,0
VIIRS_NOAA20_SP,8.8452,78.12122,,306.29,0.5,0.49,2024-09-16,2043,NOAA-20,VIIRS,n,2,,293.51,0.53,N,0
VIIRS_NOAA20_SP,8.64133,77.9213,,334.85,0.56,0.43,2024-09-17,748,NOAA-20,VIIRS,l,2,,305.43,4.04,D,0
VIIRS_NOAA20_SP,8.54352,78.0809,,308.69,0.41,0.37,2024-09-17,2024,NOAA-20,VIIRS,n,2,,293.63,1.04,N,0
VIIRS_NOAA20_SP,8.5436,78.08038,,310.68,0.41,0.37,2024-09-17,2024,NOAA-20,VIIRS,n,2,,293.88,1.06,N,0
VIIRS_NOAA20_SP,8.57966,77.98188,,341.18,0.38,0.59,2024-09-18,729,NOAA-20,VIIRS,n,2,,302.56,3.23,D,0
VIIRS_NOAA20_SP,8.58112,77.97392,,341.65,0.38,0.59,2024-09-18,729,NOAA-20,VIIRS,n,2,,299.79,5.46,D,0
VIIRS_NOAA20_SP,8.58381,77.97408,,342.89,0.38,0.59,2024-09-18,729,NOAA-20,VIIRS,n,2,,300.18,3.38,D,0
VIIRS_NOAA20_SP,8.59521,77.86837,,333.82,0.39,0.59,2024-09-18,729,NOAA-20,VIIRS,l,2,,305.77,2.83,D,0
VIIRS_NOAA20_SP,8.61473,78.12814,,330.07,0.37,0.58,2024-09-18,729,NOAA-20,VIIRS,n,2,,298.48,2.83,D,0
VIIRS_NOAA20_SP,8.79578,78.05513,,330.93,0.37,0.58,2024-09-18,729,NOAA-20,VIIRS,n,2,,300.9,1.08,D,0
VIIRS_NOAA20_SP,8.83558,77.88025,,337.56,0.38,0.59,2024-09-18,729,NOAA-20,VIIRS,n,2,,304.27,3.22,D,0
VIIRS_SNPP_SP,8.57937,78.05238,342.24,,0.41,0.61,2024-09-18,0846,SNPP,VIIRS,n,2,300.78,,3.68,D,0
VIIRS_SNPP_SP,8.58193,78.05078,338.11,,0.41,0.61,2024-09-18,0846,SNPP,VIIRS,n,2,300.79,,2.78,D,0
VIIRS_NOAA20_SP,8.41894,78.03197,,305.53,0.45,0.39,2024-09-18,2005,NOAA-20,VIIRS,n,2,,293.97,0.55,N,0
VIIRS_NOAA20_SP,8.84662,78.12108,,322.56,0.45,0.39,2024-09-18,2005,NOAA-20,VIIRS,n,2,,295.47,1.6,N,0
VIIRS_NOAA20_SP,8.86851,78.12029,,308.54,0.45,0.39,2024-09-18,2005,NOAA-20,VIIRS,n,2,,295.5,0.51,N,0
VIIRS_SNPP_SP,8.53703,78.08012,348.7,,0.4,0.44,2024-09-19,0827,SNPP,VIIRS,n,2,304.27,,6.13,D,0
VIIRS_SNPP_SP,8.5378,78.08002,351.24,,0.4,0.44,2024-09-19,0827,SNPP,VIIRS,n,2,304.27,,6.06,D,0
VIIRS_SNPP_SP,8.86703,78.15637,336.91,,0.41,0.45,2024-09-19,0827,SNPP,VIIRS,n,2,305.9,,11.39,D,0
VIIRS_NOAA20_SP,8.5376,78.08261,,347.53,0.52,0.67,2024-09-19,851,NOAA-20,VIIRS,n,2,,293.29,5.78,D,0
VIIRS_NOAA20_SP,8.53553,78.07834,,338.4,0.41,0.37,2024-09-21,813,NOAA-20,VIIRS,l,2,,310.31,5.46,D,0
VIIRS_NOAA20_SP,8.53631,78.07824,,340.52,0.41,0.37,2024-09-21,813,NOAA-20,VIIRS,l,2,,312.15,11.33,D,0
VIIRS_NOAA20_SP,8.65961,77.8717,,335.4,0.4,0.37,2024-09-21,813,NOAA-20,VIIRS,l,2,,308.16,3.17,D,0
VIIRS_NOAA20_SP,8.82761,77.99272,,339.37,0.41,0.37,2024-09-21,813,NOAA-20,VIIRS,l,2,,310.86,3.95,D,0
VIIRS_NOAA20_SP,8.87933,77.89047,,339.98,0.41,0.37,2024-09-21,813,NOAA-20,VIIRS,l,2,,312.74,6.03,D,0
VIIRS_NOAA20_SP,8.65366,78.00964,,309.9,0.4,0.37,2024-09-23,2011,NOAA-20,VIIRS,n,2,,293.86,1.67,N,0
VIIRS_SNPP_SP,8.39782,78.04288,336.68,,0.5,0.49,2024-09-24,0833,SNPP,VIIRS,n,2,287.56,,6.08,D,0
MODIS_SP,8.4974,78.0658,330.6,,1,1,2024-09-28,432,Terra,MODIS,82,61.03,297.6,,17.3,D,0
MODIS_SP,8.5062,78.067,337.7,,1,1,2024-09-28,432,Terra,MODIS,87,61.03,298.4,,26.9,D,0
VIIRS_NOAA20_SP,8.50111,78.06461,,354.98,0.46,0.47,2024-09-28,741,NOAA-20,VIIRS,n,2,,295.88,12.14,D,0
VIIRS_NOAA20_SP,8.56369,77.95153,,331.84,0.47,0.48,2024-09-28,741,NOAA-20,VIIRS,n,2,,295.28,4.72,D,0
VIIRS_NOAA20_SP,8.91731,78.16895,,339,0.45,0.47,2024-09-28,742,NOAA-20,VIIRS,n,2,,294.24,5.41,D,0
VIIRS_SNPP_SP,8.87766,78.11146,331.94,,0.39,0.37,2024-10-01,0802,SNPP,VIIRS,n,2,300.87,,1.36,D,0
VIIRS_NOAA20_SP,8.68458,78.08833,,333.86,0.39,0.44,2024-10-01,826,NOAA-20,VIIRS,n,2,,297.14,3.53,D,0
VIIRS_NOAA20_SP,8.68572,78.08792,,334.26,0.39,0.44,2024-10-01,826,NOAA-20,VIIRS,n,2,,297.09,3.46,D,0
VIIRS_NOAA20_SP,8.48547,78.08349,,330.85,0.38,0.36,2024-10-02,807,NOAA-20,VIIRS,n,2,,285,2.54,D,0
VIIRS_NOAA20_SP,8.77639,78.01774,,331.39,0.38,0.58,2024-10-04,729,NOAA-20,VIIRS,n,2,,289.74,2.39,D,0
VIIRS_NOAA20_SP,8.3884,78.05653,,340.21,0.59,0.53,2024-10-09,735,NOAA-20,VIIRS,n,2,,291.44,3.38,D,3
VIIRS_SNPP_SP,8.6673,78.02119,347.67,,0.41,0.37,2024-10-11,0814,SNPP,VIIRS,n,2,293.46,,7.11,D,0
VIIRS_SNPP_SP,8.67072,78.02068,349.63,,0.41,0.37,2024-10-11,0814,SNPP,VIIRS,n,2,292.55,,6.58,D,0
VIIRS_SNPP_SP,8.87274,78.06545,345.76,,0.45,0.47,2024-10-18,0743,SNPP,VIIRS,n,2,298.09,,5.22,D,0
VIIRS_NOAA20_SP,8.55768,78.08833,,330.18,0.38,0.36,2024-10-18,807,NOAA-20,VIIRS,l,2,,300.88,1.39,D,0
MODIS_SP,8.5522,77.9234,326.8,,1.4,1.2,2024-10-19,848,Aqua,MODIS,80,61.03,295.3,,18.5,D,0
VIIRS_SNPP_SP,8.55334,78.12527,335.2,,0.41,0.37,2024-10-27,0814,SNPP,VIIRS,n,2,289.95,,2.55,D,0
VIIRS_NOAA20_SP,8.55591,78.12692,,330.74,0.32,0.55,2024-10-27,838,NOAA-20,VIIRS,n,2,,291.21,2.58,D,0
VIIRS_SNPP_SP,8.56642,78.08938,336.92,,0.45,0.39,2024-10-28,0755,SNPP,VIIRS,n,2,300.48,,1.87,D,0
VIIRS_SNPP_SP,8.90226,77.86365,332.77,,0.47,0.4,2024-11-01,0820,SNPP,VIIRS,n,2,297.62,,4.54,D,0
VIIRS_NOAA20_SP,8.46327,78.09595,,335.56,0.38,0.36,2024-12-05,806,NOAA-20,VIIRS,n,2,,298.98,4.51,D,0
VIIRS_SNPP_SP,8.65521,78.08781,332.6,,0.41,0.61,2024-12-07,0846,SNPP,VIIRS,n,2,292.56,,2.74,D,0
VIIRS_SNPP_SP,8.73039,78.15984,330.68,,0.42,0.61,2024-12-07,0846,SNPP,VIIRS,n,2,292.66,,1.53,D,3
VIIRS_SNPP_SP,8.73359,78.15987,333.17,,0.42,0.61,2024-12-07,0846,SNPP,VIIRS,n,2,292.74,,0.91,D,0
VIIRS_SNPP_SP,8.36387,77.99429,334.99,,0.48,0.4,2024-12-19,0821,SNPP,VIIRS,n,2,295.72,,3.94,D,0
VIIRS_SNPP_SP,8.65878,78.1129,335.17,,0.49,0.4,2024-12-19,0821,SNPP,VIIRS,n,2,295.75,,5.52,D,0
VIIRS_NOAA20_SP,8.65678,78.11533,,331.37,0.41,0.61,2024-12-19,844,NOAA-20,VIIRS,n,2,,290.19,3.4,D,3
VIIRS_NOAA20_SP,8.84257,78.11455,,330.01,0.54,0.42,2024-12-22,748,NOAA-20,VIIRS,n,2,,296.08,2.62,D,0
VIIRS_NOAA20_SP,8.65828,78.11434,,333.53,0.58,0.52,2024-12-28,735,NOAA-20,VIIRS,n,2,,293.5,6.71,D,3
VIIRS_NOAA20_SP,8.66208,78.00376,,331.58,0.38,0.36,2025-01-06,807,NOAA-20,VIIRS,n,2,,300.9,2.81,D,0
VIIRS_NOAA20_SP,8.85111,78.11459,,330.62,0.53,0.42,2025-01-07,748,NOAA-20,VIIRS,n,2,,296.45,3.16,D,0
VIIRS_NOAA20_SP,8.51723,78.08902,,330.22,0.58,0.52,2025-01-13,735,NOAA-20,VIIRS,n,2,,293.3,2.75,D,0
MODIS_SP,8.8606,78.1484,316.8,,1.5,1.2,2025-01-17,926,Aqua,MODIS,48,61.03,299.2,,12.2,D,0
VIIRS_SNPP_SP,8.60877,77.98005,332.35,,0.39,0.36,2025-01-21,0803,SNPP,VIIRS,n,2,285.19,,1.69,D,0
VIIRS_SNPP_SP,8.87854,78.13952,330.26,,0.39,0.36,2025-01-26,0809,SNPP,VIIRS,n,2,290.58,,2.34,D,0
VIIRS_SNPP_SP,8.86789,78.15697,304.48,,0.42,0.38,2025-01-27,2026,SNPP,VIIRS,n,2,281.8,,0.87,N,0
VIIRS_NOAA20_SP,8.82994,78.09123,,334.31,0.49,0.4,2025-02-01,820,NOAA-20,VIIRS,n,2,,299.05,2.02,D,0
VIIRS_NOAA20_SP,8.86723,78.15575,,335.38,0.44,0.46,2025-02-03,742,NOAA-20,VIIRS,n,2,,303.43,3.07,D,0
VIIRS_SNPP_SP,8.79815,78.08293,331.19,,0.49,0.41,2025-02-05,0822,SNPP,VIIRS,l,2,304.66,,1.46,D,0
VIIRS_SNPP_SP,8.86855,78.15498,335.19,,0.39,0.36,2025-02-06,0803,SNPP,VIIRS,l,2,308.55,,3.14,D,0
VIIRS_SNPP_SP,8.89542,78.10722,335.36,,0.39,0.36,2025-02-06,0803,SNPP,VIIRS,l,2,305.97,,1.41,D,0
VIIRS_NOAA20_SP,8.89719,78.10738,,332.19,0.4,0.45,2025-02-06,826,NOAA-20,VIIRS,n,2,,303.28,1.15,D,0
VIIRS_SNPP_SP,8.68914,77.92932,331,,0.45,0.47,2025-02-07,0744,SNPP,VIIRS,l,2,302.88,,3.21,D,0
VIIRS_NOAA20_SP,8.59419,78.11672,,339.76,0.39,0.36,2025-02-07,807,NOAA-20,VIIRS,n,2,,308.56,3.32,D,0
VIIRS_NOAA20_SP,8.68812,77.92703,,334.1,0.38,0.36,2025-02-07,807,NOAA-20,VIIRS,l,2,,304.61,2.35,D,0
VIIRS_NOAA20_SP,8.92122,77.87557,,332.39,0.38,0.36,2025-02-07,807,NOAA-20,VIIRS,l,2,,304.45,1.87,D,0
VIIRS_SNPP_SP,8.44796,78.07526,343.85,,0.39,0.36,2025-02-11,0809,SNPP,VIIRS,n,2,309.85,,3.79,D,0
VIIRS_SNPP_SP,8.72325,77.92817,343.07,,0.39,0.36,2025-02-11,0809,SNPP,VIIRS,n,2,312.21,,2.82,D,0
VIIRS_SNPP_SP,8.73814,78.16221,335.96,,0.39,0.36,2025-02-11,0809,SNPP,VIIRS,n,2,305.78,,0.56,D,0
VIIRS_NOAA20_SP,8.44568,78.07614,,330.93,0.5,0.49,2025-02-11,832,NOAA-20,VIIRS,l,2,,305.66,4,D,0
VIIRS_SNPP_SP,8.7118,78.15025,336.58,,0.42,0.38,2025-02-16,0815,SNPP,VIIRS,n,2,307.31,,4.43,D,3
VIIRS_SNPP_SP,8.84151,77.90701,354.36,,0.45,0.39,2025-02-17,0757,SNPP,VIIRS,n,2,316.77,,16.47,D,0
VIIRS_SNPP_SP,8.84506,77.90644,340.84,,0.45,0.39,2025-02-17,0757,SNPP,VIIRS,l,2,314.88,,16.47,D,0
VIIRS_NOAA20_SP,8.8398,77.90871,,351.41,0.48,0.4,2025-02-17,820,NOAA-20,VIIRS,n,2,,314.96,11.12,D,0
VIIRS_NOAA20_SP,8.84347,77.90818,,349.58,0.48,0.4,2025-02-17,820,NOAA-20,VIIRS,n,2,,315.93,11.12,D,0
VIIRS_NOAA20_SP,8.83289,77.90816,,342.51,0.4,0.37,2025-02-18,801,NOAA-20,VIIRS,l,2,,316.16,6,D,0
VIIRS_NOAA20_SP,8.88986,77.88443,,338.21,0.4,0.37,2025-02-18,801,NOAA-20,VIIRS,l,2,,311.99,1.8,D,0
VIIRS_NOAA20_SP,8.85664,77.93288,,334.72,0.48,0.65,2025-02-20,723,NOAA-20,VIIRS,n,2,,301.15,1.8,D,0
MODIS_SP,8.8748,77.8555,322.5,,1.4,1.2,2025-02-23,438,Terra,MODIS,75,61.03,301.3,,17.7,D,0
MODIS_SP,8.9283,77.8509,318.5,,1.4,1.2,2025-02-23,438,Terra,MODIS,20,61.03,301.8,,9.1,D,0
VIIRS_NOAA20_SP,8.81888,77.90368,,350.18,0.38,0.36,2025-02-23,807,NOAA-20,VIIRS,n,2,,317.86,9.34,D,0
VIIRS_SNPP_SP,8.59378,78.1168,332.3,,0.46,0.63,2025-02-24,0725,SNPP,VIIRS,n,2,297.89,,2.65,D,0
VIIRS_NOAA20_SP,8.52533,77.95367,,330.64,0.55,0.43,2025-02-24,748,NOAA-20,VIIRS,l,2,,305.11,2.42,D,0
VIIRS_SNPP_SP,8.5568,78.11558,343.96,,0.56,0.52,2025-03-06,0738,SNPP,VIIRS,n,2,304.54,,5.36,D,0
VIIRS_SNPP_SP,8.83948,77.9099,346.33,,0.58,0.52,2025-03-06,0738,SNPP,VIIRS,n,2,307.86,,12.14,D,0
VIIRS_SNPP_SP,8.87267,78.15835,331.54,,0.55,0.51,2025-03-06,0738,SNPP,VIIRS,l,2,304.65,,1.75,D,0
VIIRS_NOAA20_SP,8.83576,77.9101,,343.61,0.4,0.37,2025-03-06,800,NOAA-20,VIIRS,l,2,,311.01,6.09,D,0
VIIRS_SNPP_SP,8.86822,78.15972,348.57,,0.49,0.4,2025-03-09,0821,SNPP,VIIRS,n,2,310.03,,10.21,D,0
VIIRS_SNPP_SP,8.87195,78.15919,337.51,,0.49,0.4,2025-03-09,0821,SNPP,VIIRS,l,2,308.1,,3.94,D,0
VIIRS_NOAA20_SP,8.86597,78.16096,,335.31,0.42,0.61,2025-03-09,844,NOAA-20,VIIRS,n,2,,303.51,3.49,D,0
VIIRS_NOAA20_SP,8.86798,78.15832,,342.32,0.42,0.61,2025-03-09,844,NOAA-20,VIIRS,n,2,,304.29,6.28,D,0
VIIRS_NOAA20_SP,8.86849,78.16216,,340.91,0.42,0.61,2025-03-09,844,NOAA-20,VIIRS,n,2,,301.88,5.93,D,0
VIIRS_NOAA20_SP,8.87162,78.16026,,341.36,0.42,0.61,2025-03-09,844,NOAA-20,VIIRS,n,2,,302.56,3.49,D,0
VIIRS_SNPP_SP,8.86888,78.15579,309.71,,0.41,0.37,2025-03-16,2026,SNPP,VIIRS,n,2,292.08,,3.8,N,0
VIIRS_NOAA20_SP,8.86954,78.15426,,307.5,0.32,0.55,2025-03-16,2049,NOAA-20,VIIRS,n,2,,288.25,1.22,N,0
VIIRS_SNPP_SP,8.87723,78.16125,331.72,,0.5,0.49,2025-03-19,0834,SNPP,VIIRS,n,2,299.17,,3.43,D,0
VIIRS_SNPP_SP,8.71075,78.14427,337.49,,0.41,0.37,2025-03-20,0815,SNPP,VIIRS,n,2,306.32,,2.43,D,0
VIIRS_NOAA20_SP,8.72352,78.12739,,336.46,0.45,0.47,2025-03-23,741,NOAA-20,VIIRS,n,2,,297.93,3.85,D,0
VIIRS_SNPP_SP,8.72074,78.12665,331.44,,0.63,0.54,2025-03-24,0840,SNPP,VIIRS,n,2,299.43,,5.39,D,0
VIIRS_SNPP_SP,8.80491,77.88229,337.58,,0.39,0.59,2025-03-29,0846,SNPP,VIIRS,l,2,309.76,,5.53,D,0
VIIRS_SNPP_SP,8.82507,78.13595,295.7,,0.37,0.58,2025-03-29,1942,SNPP,VIIRS,n,2,269.09,,0.31,N,0
VIIRS_SNPP_SP,8.59543,78.11591,334.45,,0.47,0.64,2025-04-13,0725,SNPP,VIIRS,n,2,294.19,,3.56,D,0
VIIRS_SNPP_SP,8.8687,78.15829,307.41,,0.53,0.42,2025-04-13,2001,SNPP,VIIRS,n,2,294.26,,2.32,N,0
VIIRS_NOAA20_SP,8.86884,78.15791,,310.74,0.41,0.37,2025-04-13,2023,NOAA-20,VIIRS,n,2,,294.8,1.94,N,0
VIIRS_NOAA20_SP,8.9356,78.13259,,342.29,0.5,0.49,2025-04-16,832,NOAA-20,VIIRS,n,2,,300.69,3.64,D,0
VIIRS_SNPP_SP,8.75745,78.06219,333.24,,0.36,0.58,2025-04-18,0732,SNPP,VIIRS,n,2,295.43,,2.68,D,0
VIIRS_NOAA20_SP,8.9452,78.0677,,331.7,0.61,0.71,2025-04-20,716,NOAA-20,VIIRS,n,2,,294.83,2.71,D,0
VIIRS_NOAA20_SP,8.94553,78.0668,,332.49,0.61,0.71,2025-04-20,716,NOAA-20,VIIRS,n,2,,294.92,7.47,D,0
VIIRS_NOAA20_SP,8.68167,77.95835,,339.87,0.62,0.54,2025-04-21,838,NOAA-20,VIIRS,n,2,,293.57,12.77,D,0
MODIS_SP,8.6119,77.9536,314.9,,1,1,2025-04-23,417,Terra,MODIS,72,61.03,286.4,,10.1,D,0
VIIRS_SNPP_SP,8.6704,77.99391,303.12,,0.45,0.47,2025-04-24,1955,SNPP,VIIRS,n,2,286.78,,0.64,N,0
VIIRS_NOAA20_SP,8.6708,77.99345,,310.06,0.38,0.36,2025-04-24,2017,NOAA-20,VIIRS,n,2,,292.61,2.05,N,0
VIIRS_NOAA20_SP,8.43259,78.01019,,334.85,0.55,0.43,2025-04-29,748,NOAA-20,VIIRS,n,2,,298.76,2.39,D,0
VIIRS_SNPP_SP,8.86704,78.15621,350.49,,0.4,0.45,2025-05-01,0828,SNPP,VIIRS,n,2,302.53,,8.33,D,0
VIIRS_SNPP_SP,8.76017,78.18456,338.06,,0.39,0.36,2025-05-02,0810,SNPP,VIIRS,n,2,304.54,,4.86,D,0
VIIRS_NOAA20_SP,8.76015,78.18585,,333.37,0.51,0.49,2025-05-02,832,NOAA-20,VIIRS,n,2,,300.16,6.39,D,0
MODIS_SP,8.7782,78.1905,315.8,,1,1,2025-05-02,918,Aqua,MODIS,65,61.03,304.2,,8,D,3
VIIRS_SNPP_SP,8.84224,77.99831,332.52,,0.41,0.37,2025-05-07,0816,SNPP,VIIRS,n,2,293.29,,2.31,D,0
VIIRS_SNPP_SP,8.94985,78.06698,337.69,,0.42,0.37,2025-05-07,0816,SNPP,VIIRS,n,2,297.37,,3.24,D,0
VIIRS_NOAA20_SP,8.8981,78.15285,,332.88,0.49,0.4,2025-05-08,819,NOAA-20,VIIRS,n,2,,297.31,2.37,D,0
VIIRS_NOAA20_SP,8.9018,78.15233,,336.95,0.49,0.4,2025-05-08,819,NOAA-20,VIIRS,n,2,,299.63,2.37,D,0
VIIRS_SNPP_SP,8.87399,77.98606,330.55,,0.32,0.55,2025-05-11,0841,SNPP,VIIRS,n,2,299.43,,1.76,D,0
VIIRS_SNPP_SP,8.84703,77.94212,337.9,,0.48,0.4,2025-05-12,0822,SNPP,VIIRS,n,2,307.03,,10.54,D,0
VIIRS_NOAA20_SP,8.85203,77.92131,,335.56,0.39,0.44,2025-05-13,826,NOAA-20,VIIRS,n,2,,303.22,2.11,D,0
VIIRS_SNPP_SP,8.46378,77.9847,333.81,,0.41,0.37,2025-05-23,0816,SNPP,VIIRS,n,2,301.14,,2.97,D,0
VIIRS_SNPP_SP,8.46665,77.98046,330.92,,0.41,0.37,2025-05-23,0816,SNPP,VIIRS,l,2,301.66,,2.97,D,0
VIIRS_SNPP_SP,8.47566,77.87656,335.21,,0.41,0.37,2025-05-23,0816,SNPP,VIIRS,n,2,300.46,,2.13,D,0
VIIRS_SNPP_SP,8.73305,77.97042,333.88,,0.41,0.37,2025-05-23,0816,SNPP,VIIRS,n,2,303.28,,2.32,D,0
VIIRS_NOAA20_SP,8.46173,77.98435,,343.62,0.63,0.54,2025-05-23,838,NOAA-20,VIIRS,n,2,,295.16,7.93,D,0
VIIRS_SNPP_SP,8.8553,78.12244,331.7,,0.49,0.4,2025-05-28,0823,SNPP,VIIRS,n,2,301.01,,2.92,D,0
VIIRS_NOAA20_SP,8.7724,78.08649,,338.3,0.37,0.58,2025-06-01,729,NOAA-20,VIIRS,n,2,,295.28,6.81,D,0
VIIRS_SNPP_SP,8.7466,77.97872,340.6,,0.39,0.44,2025-06-02,0829,SNPP,VIIRS,n,2,304.98,,4.07,D,0
VIIRS_SNPP_SP,8.80078,78.01099,354.23,,0.4,0.44,2025-06-02,0829,SNPP,VIIRS,n,2,304.14,,6.35,D,0
VIIRS_SNPP_SP,8.80435,78.00679,332.59,,0.4,0.44,2025-06-02,0829,SNPP,VIIRS,l,2,304.06,,4.33,D,0
VIIRS_SNPP_SP,8.81964,77.99725,345.74,,0.4,0.44,2025-06-02,0829,SNPP,VIIRS,n,2,304.98,,10.99,D,0
VIIRS_SNPP_SP,8.88093,78.04797,344.99,,0.4,0.44,2025-06-02,0829,SNPP,VIIRS,n,2,303.5,,6.68,D,0
VIIRS_SNPP_SP,8.88384,78.04681,367,,0.4,0.44,2025-06-02,0829,SNPP,VIIRS,h,2,304.09,,9.33,D,0
VIIRS_SNPP_SP,8.88433,78.05045,348.98,,0.4,0.44,2025-06-02,0829,SNPP,VIIRS,n,2,302.11,,9.33,D,0
VIIRS_NOAA20_SP,8.73992,77.96764,,341.94,0.52,0.67,2025-06-02,851,NOAA-20,VIIRS,n,2,,293.94,2.71,D,0
VIIRS_NOAA20_SP,8.80138,78.01201,,330.54,0.53,0.67,2025-06-02,851,NOAA-20,VIIRS,n,2,,294.36,2.37,D,0
VIIRS_SNPP_SP,8.73958,78.0293,334.4,,0.39,0.36,2025-06-03,0810,SNPP,VIIRS,l,2,304.95,,2.07,D,0
VIIRS_SNPP_SP,8.75084,78.12464,339.58,,0.39,0.36,2025-06-03,0810,SNPP,VIIRS,n,2,303.59,,4.57,D,3
VIIRS_SNPP_SP,8.84289,77.99831,342.84,,0.39,0.36,2025-06-03,0810,SNPP,VIIRS,n,2,306.59,,4,D,0
VIIRS_NOAA20_SP,8.84015,77.99754,,335.74,0.5,0.49,2025-06-03,832,NOAA-20,VIIRS,n,2,,295.79,3.69,D,0
MODIS_SP,8.6983,77.9706,337.7,,1,1,2025-06-04,925,Aqua,MODIS,77,61.03,297.6,,30.2,D,0
VIIRS_SNPP_SP,8.76373,77.9268,332.66,,0.37,0.58,2025-06-05,0732,SNPP,VIIRS,n,2,296.57,,4.84,D,0
VIIRS_SNPP_SP,8.76433,77.93014,342.21,,0.37,0.58,2025-06-05,0732,SNPP,VIIRS,n,2,295.97,,6.03,D,0
VIIRS_SNPP_SP,8.86486,78.10443,330.95,,0.36,0.57,2025-06-05,0733,SNPP,VIIRS,n,2,298.82,,1.71,D,0
VIIRS_SNPP_SP,8.86545,78.10767,354.71,,0.36,0.57,2025-06-05,0733,SNPP,VIIRS,n,2,298.38,,5.27,D,0
VIIRS_NOAA20_SP,8.86369,78.10719,,339.69,0.44,0.39,2025-06-05,755,NOAA-20,VIIRS,n,2,,306.22,2.97,D,0
VIIRS_NOAA20_SP,8.86721,78.10663,,338.72,0.44,0.39,2025-06-05,755,NOAA-20,VIIRS,n,2,,305.04,2.97,D,0
VIIRS_NOAA20_SP,8.94451,78.13512,,337.75,0.44,0.38,2025-06-05,755,NOAA-20,VIIRS,n,2,,306.23,8.55,D,0
MODIS_SP,8.795,78.0096,325.4,,1.2,1.1,2025-06-07,426,Terra,MODIS,76,61.03,305.2,,12.2,D,0
MODIS_SP,8.7966,77.9989,324.1,,1.2,1.1,2025-06-07,426,Terra,MODIS,72,61.03,305.4,,9.4,D,0
VIIRS_NOAA20_SP,8.73001,77.96002,,367,0.62,0.71,2025-06-07,717,NOAA-20,VIIRS,h,2,,297.32,13.94,D,0
VIIRS_NOAA20_SP,8.79757,77.99899,,335.55,0.61,0.71,2025-06-07,717,NOAA-20,VIIRS,n,2,,297.05,6.98,D,0
VIIRS_NOAA20_SP,8.79862,78.00446,,351.97,0.61,0.71,2025-06-07,717,NOAA-20,VIIRS,n,2,,297.52,6.98,D,0
VIIRS_NOAA20_SP,8.87451,78.05225,,333.09,0.61,0.71,2025-06-07,717,NOAA-20,VIIRS,n,2,,295.04,4.45,D,0
VIIRS_NOAA20_SP,8.87511,78.05111,,333.55,0.61,0.71,2025-06-07,717,NOAA-20,VIIRS,n,2,,295.44,5.28,D,0
VIIRS_SNPP_SP,8.50074,77.90498,344.94,,0.49,0.49,2025-06-07,0835,SNPP,VIIRS,n,2,306.32,,15.34,D,0
VIIRS_SNPP_SP,8.73107,77.9539,334.49,,0.5,0.49,2025-06-07,0835,SNPP,VIIRS,l,2,307.33,,3.64,D,0
VIIRS_SNPP_SP,8.7317,77.95847,354.77,,0.5,0.49,2025-06-07,0835,SNPP,VIIRS,n,2,308.73,,6.25,D,0
VIIRS_SNPP_SP,8.73622,77.95785,339.57,,0.5,0.49,2025-06-07,0835,SNPP,VIIRS,n,2,304.47,,6.25,D,0
VIIRS_SNPP_SP,8.80301,77.99798,341.61,,0.5,0.49,2025-06-07,0835,SNPP,VIIRS,n,2,306.1,,6.9,D,0
VIIRS_SNPP_SP,8.80363,78.00259,350.47,,0.5,0.49,2025-06-07,0835,SNPP,VIIRS,n,2,306.86,,6.9,D,0
VIIRS_SNPP_SP,8.88853,78.04745,333.76,,0.51,0.49,2025-06-07,0835,SNPP,VIIRS,n,2,303,,5.22,D,0
VIIRS_SNPP_SP,8.88886,78.0484,338.97,,0.51,0.49,2025-06-07,0835,SNPP,VIIRS,n,2,303.34,,6.28,D,0
VIIRS_NOAA20_SP,8.84179,78.05372,,342.61,0.68,0.74,2025-06-07,857,NOAA-20,VIIRS,n,2,,294.17,5.6,D,0
VIIRS_SNPP_SP,8.64519,78.09661,341.28,,0.42,0.37,2025-06-08,0816,SNPP,VIIRS,n,2,303.6,,5.63,D,0
VIIRS_SNPP_SP,8.71607,78.10889,334.77,,0.42,0.37,2025-06-08,0816,SNPP,VIIRS,n,2,300.82,,1.84,D,0
VIIRS_SNPP_SP,8.8995,77.95856,347.4,,0.41,0.37,2025-06-08,0816,SNPP,VIIRS,n,2,306.34,,9.75,D,0
VIIRS_SNPP_SP,8.90006,77.96232,340.39,,0.41,0.37,2025-06-08,0816,SNPP,VIIRS,n,2,305.89,,8.32,D,0
VIIRS_NOAA20_SP,8.64705,78.0954,,346.22,0.32,0.55,2025-06-08,838,NOAA-20,VIIRS,n,2,,295.75,3.25,D,0
VIIRS_SNPP_SP,8.6834,77.96423,343.59,,0.45,0.39,2025-06-09,0758,SNPP,VIIRS,n,2,298.53,,3.21,D,0
VIIRS_SNPP_SP,8.68632,77.9596,336.02,,0.45,0.39,2025-06-09,0758,SNPP,VIIRS,n,2,298.17,,2.45,D,0
VIIRS_SNPP_SP,8.68696,77.96366,336.65,,0.45,0.39,2025-06-09,0758,SNPP,VIIRS,n,2,298.98,,3.21,D,0
VIIRS_SNPP_SP,8.75444,77.95811,337.58,,0.45,0.39,2025-06-09,0758,SNPP,VIIRS,n,2,299.43,,3.51,D,0
VIIRS_SNPP_SP,8.75509,77.96214,347.23,,0.45,0.39,2025-06-09,0758,SNPP,VIIRS,n,2,300.3,,7.44,D,0
VIIRS_SNPP_SP,8.75573,77.96619,367,,0.45,0.39,2025-06-09,0758,SNPP,VIIRS,h,2,300.62,,7.44,D,0
VIIRS_NOAA20_SP,8.57985,78.02356,,344.14,0.48,0.4,2025-06-09,820,NOAA-20,VIIRS,n,2,,299.03,5,D,0
VIIRS_NOAA20_SP,8.68644,77.96062,,337.52,0.48,0.4,2025-06-09,820,NOAA-20,VIIRS,n,2,,297.26,2.88,D,0
VIIRS_NOAA20_SP,8.75319,77.95661,,334.41,0.48,0.4,2025-06-09,820,NOAA-20,VIIRS,n,2,,294.47,2.54,D,0
VIIRS_NOAA20_SP,8.7538,77.96093,,330.77,0.48,0.4,2025-06-09,820,NOAA-20,VIIRS,n,2,,295.36,3.54,D,0
VIIRS_NOAA20_SP,8.86342,77.91884,,333.22,0.48,0.4,2025-06-09,820,NOAA-20,VIIRS,n,2,,293.67,1.73,D,0
MODIS_SP,8.7349,77.9637,324.4,,1,1,2025-06-09,923,Aqua,MODIS,77,61.03,295.6,,7.3,D,0
VIIRS_NOAA20_SP,8.69818,77.96679,,345.34,0.4,0.37,2025-06-10,801,NOAA-20,VIIRS,n,2,,296.72,4.77,D,0
VIIRS_NOAA20_SP,8.85211,77.97812,,336.69,0.4,0.37,2025-06-10,801,NOAA-20,VIIRS,n,2,,289.71,3.54,D,0
VIIRS_NOAA20_SP,8.86699,78.15597,,333.22,0.39,0.36,2025-06-10,801,NOAA-20,VIIRS,n,2,,288.46,1.9,D,0
VIIRS_NOAA20_SP,8.87885,78.14935,,343.45,0.39,0.36,2025-06-10,801,NOAA-20,VIIRS,n,2,,289.77,3.49,D,0
MODIS_SP,8.69,77.9934,321.7,,1.3,1.1,2025-06-12,426,Terra,MODIS,73,61.03,299.6,,9.2,D,0
VIIRS_SNPP_SP,8.54091,77.95373,336.44,,0.48,0.4,2025-06-13,0823,SNPP,VIIRS,n,2,299.27,,1.63,D,0
VIIRS_SNPP_SP,8.85261,77.98675,339.3,,0.4,0.37,2025-06-14,0804,SNPP,VIIRS,n,2,300.13,,3.53,D,0
VIIRS_SNPP_SP,8.8919,78.05328,343.94,,0.39,0.36,2025-06-14,0804,SNPP,VIIRS,n,2,292.03,,5.92,D,0
VIIRS_SNPP_SP,8.89245,78.05685,344.45,,0.39,0.36,2025-06-14,0804,SNPP,VIIRS,n,2,289.78,,7.99,D,0
VIIRS_NOAA20_SP,8.60564,77.96456,,335.23,0.55,0.43,2025-06-16,748,NOAA-20,VIIRS,n,2,,286.89,5.17,D,0
VIIRS_NOAA20_SP,8.84088,78.02531,,335.95,0.54,0.42,2025-06-16,748,NOAA-20,VIIRS,n,2,,297.44,20.63,D,0
VIIRS_NOAA20_SP,8.84168,78.03017,,344.01,0.54,0.42,2025-06-16,748,NOAA-20,VIIRS,n,2,,296.73,20.63,D,0
VIIRS_SNPP_SP,8.45622,78.03019,342.8,,0.39,0.44,2025-06-18,0829,SNPP,VIIRS,n,2,299.06,,4.88,D,0
VIIRS_SNPP_SP,8.5902,78.13251,332.64,,0.4,0.44,2025-06-18,0829,SNPP,VIIRS,n,2,298.84,,5.13,D,0
VIIRS_SNPP_SP,8.59071,78.13617,342.19,,0.4,0.44,2025-06-18,0829,SNPP,VIIRS,n,2,298.07,,5.13,D,0
VIIRS_SNPP_SP,8.72285,78.07253,339.38,,0.4,0.44,2025-06-18,0829,SNPP,VIIRS,n,2,297,,2.81,D,0
VIIRS_SNPP_SP,8.74283,78.09579,330.07,,0.4,0.44,2025-06-18,0829,SNPP,VIIRS,n,2,296.47,,1.8,D,0
VIIRS_SNPP_SP,8.87751,78.15092,331.55,,0.41,0.45,2025-06-18,0829,SNPP,VIIRS,n,2,293.94,,2.31,D,0
VIIRS_SNPP_SP,8.78916,78.09531,330.68,,0.39,0.36,2025-06-19,0810,SNPP,VIIRS,n,2,292.48,,1.42,D,0
VIIRS_SNPP_SP,8.85134,77.92432,333.69,,0.38,0.36,2025-06-19,0810,SNPP,VIIRS,n,2,288.46,,1.65,D,0
VIIRS_SNPP_SP,8.85466,77.92381,335.72,,0.38,0.36,2025-06-19,0810,SNPP,VIIRS,n,2,288.15,,1.65,D,0
VIIRS_SNPP_SP,8.87843,78.14909,333.19,,0.39,0.36,2025-06-19,0810,SNPP,VIIRS,n,2,293.26,,2.19,D,0
VIIRS_SNPP_SP,8.89516,78.05701,333.45,,0.39,0.36,2025-06-19,0810,SNPP,VIIRS,n,2,292.39,,2.72,D,0
VIIRS_SNPP_SP,8.89569,78.06051,348.48,,0.39,0.36,2025-06-19,0810,SNPP,VIIRS,n,2,294.41,,5.8,D,0
MODIS_SP,8.7847,78.1901,313.7,,1.1,1,2025-06-19,919,Aqua,MODIS,59,61.03,298.7,,8.8,D,3
VIIRS_SNPP_SP,8.42808,77.85905,333.1,,0.55,0.43,2025-06-20,0751,SNPP,VIIRS,n,2,301.12,,3.57,D,0
VIIRS_SNPP_SP,8.61919,77.92162,335.99,,0.54,0.42,2025-06-20,0751,SNPP,VIIRS,n,2,297.01,,5.54,D,0
VIIRS_SNPP_SP,8.71397,78.10798,347.31,,0.53,0.42,2025-06-20,0751,SNPP,VIIRS,n,2,300.92,,14.36,D,0
VIIRS_SNPP_SP,8.86999,78.13338,338.82,,0.53,0.42,2025-06-20,0751,SNPP,VIIRS,n,2,300.93,,8.23,D,0
VIIRS_SNPP_SP,8.88831,78.0444,339.05,,0.53,0.42,2025-06-20,0751,SNPP,VIIRS,n,2,299.03,,3.4,D,0
VIIRS_SNPP_SP,8.89774,77.95826,342.9,,0.54,0.42,2025-06-20,0751,SNPP,VIIRS,n,2,301.93,,7.03,D,0
VIIRS_NOAA20_SP,8.522,77.90981,,338.79,0.41,0.37,2025-06-20,813,NOAA-20,VIIRS,n,2,,302.35,3.35,D,0
VIIRS_NOAA20_SP,8.7125,78.10965,,342.67,0.42,0.37,2025-06-20,814,NOAA-20,VIIRS,n,2,,301.73,4.1,D,0
VIIRS_NOAA20_SP,8.71593,78.10914,,340.19,0.42,0.37,2025-06-20,814,NOAA-20,VIIRS,n,2,,298.95,4.1,D,0
VIIRS_NOAA20_SP,8.88861,78.04537,,342.38,0.41,0.37,2025-06-20,814,NOAA-20,VIIRS,n,2,,303.77,5.05,D,0
VIIRS_SNPP_SP,8.59029,78.13535,348.27,,0.36,0.57,2025-06-21,0733,SNPP,VIIRS,n,2,298.42,,2.76,D,0
VIIRS_SNPP_SP,8.65301,78.09571,332.98,,0.36,0.57,2025-06-21,0733,SNPP,VIIRS,n,2,297.82,,3.7,D,0
VIIRS_SNPP_SP,8.7898,78.01751,343.82,,0.36,0.58,2025-06-21,0733,SNPP,VIIRS,n,2,298.24,,3.7,D,0
VIIRS_SNPP_SP,8.78989,78.07867,337.56,,0.36,0.57,2025-06-21,0733,SNPP,VIIRS,n,2,298.42,,1.39,D,0
VIIRS_SNPP_SP,8.7904,78.02081,343.34,,0.36,0.58,2025-06-21,0733,SNPP,VIIRS,n,2,298.43,,4.66,D,0
VIIRS_SNPP_SP,8.7951,78.01656,340.37,,0.36,0.58,2025-06-21,0733,SNPP,VIIRS,n,2,299.3,,2.54,D,0
VIIRS_SNPP_SP,8.7957,78.01987,341.28,,0.36,0.58,2025-06-21,0733,SNPP,VIIRS,n,2,297.6,,2.28,D,0
VIIRS_SNPP_SP,8.79981,78.01231,330.75,,0.36,0.58,2025-06-21,0733,SNPP,VIIRS,n,2,299.34,,2.54,D,0
VIIRS_SNPP_SP,8.81278,77.99294,334.27,,0.36,0.58,2025-06-21,0733,SNPP,VIIRS,n,2,300.28,,3.17,D,0
VIIRS_SNPP_SP,8.82633,78.00764,330.17,,0.36,0.58,2025-06-21,0733,SNPP,VIIRS,n,2,299.45,,2.01,D,0
VIIRS_SNPP_SP,8.85055,77.96779,352.09,,0.36,0.58,2025-06-21,0733,SNPP,VIIRS,n,2,299.03,,3.44,D,0
VIIRS_SNPP_SP,8.85116,77.9711,331.74,,0.36,0.58,2025-06-21,0733,SNPP,VIIRS,n,2,299.04,,3.44,D,0
VIIRS_SNPP_SP,8.85466,77.96022,347.06,,0.36,0.58,2025-06-21,0733,SNPP,VIIRS,n,2,297.72,,2.8,D,0
VIIRS_SNPP_SP,8.85526,77.96352,338.29,,0.36,0.58,2025-06-21,0733,SNPP,VIIRS,n,2,298.72,,2.8,D,0
VIIRS_SNPP_SP,8.88339,78.14784,341.7,,0.35,0.57,2025-06-21,0733,SNPP,VIIRS,n,2,296.76,,3.03,D,0
VIIRS_NOAA20_SP,8.64094,77.88385,,336.27,0.45,0.39,2025-06-21,755,NOAA-20,VIIRS,n,2,,303.37,3.58,D,0
VIIRS_NOAA20_SP,8.78947,78.01805,,348.52,0.45,0.39,2025-06-21,755,NOAA-20,VIIRS,n,2,,304.34,6.47,D,0
VIIRS_NOAA20_SP,8.79301,78.01747,,342.8,0.45,0.39,2025-06-21,755,NOAA-20,VIIRS,n,2,,305.59,4.37,D,0
VIIRS_NOAA20_SP,8.79365,78.0215,,348.11,0.45,0.39,2025-06-21,755,NOAA-20,VIIRS,n,2,,304.43,4.37,D,0
VIIRS_NOAA20_SP,8.79944,78.01231,,334.24,0.45,0.39,2025-06-21,755,NOAA-20,VIIRS,l,2,,304.32,3.54,D,0
VIIRS_NOAA20_SP,8.85325,77.96223,,342.71,0.45,0.39,2025-06-21,755,NOAA-20,VIIRS,n,2,,304.19,2.39,D,0
VIIRS_NOAA20_SP,8.85596,77.95853,,338.2,0.45,0.39,2025-06-21,755,NOAA-20,VIIRS,n,2,,303.35,3.03,D,0
VIIRS_NOAA20_SP,8.87049,78.02563,,332.51,0.45,0.39,2025-06-21,755,NOAA-20,VIIRS,n,2,,301.47,1.22,D,0
VIIRS_NOAA20_SP,8.87524,78.14776,,342.73,0.44,0.38,2025-06-21,755,NOAA-20,VIIRS,n,2,,301.69,3.56,D,0
VIIRS_NOAA20_SP,8.88289,78.1506,,338,0.44,0.38,2025-06-21,755,NOAA-20,VIIRS,n,2,,303.94,6.38,D,0
VIIRS_NOAA20_SP,8.94045,77.89505,,338.33,0.45,0.39,2025-06-21,755,NOAA-20,VIIRS,n,2,,303.52,2.16,D,0
VIIRS_NOAA20_SP,8.54029,77.85912,,332.11,0.6,0.53,2025-06-22,736,NOAA-20,VIIRS,n,2,,297.99,2.4,D,0
VIIRS_NOAA20_SP,8.82627,78.00675,,346.29,0.58,0.52,2025-06-22,736,NOAA-20,VIIRS,n,2,,298.47,4.86,D,0
MODIS_SP,8.8445,77.9654,327.1,,1,1,2025-06-24,409,Terra,MODIS,78,61.03,304.7,,11.9,D,0
MODIS_SP,8.8458,77.9561,337.6,,1.1,1,2025-06-24,409,Terra,MODIS,87,61.03,305.9,,27,D,0
MODIS_SP,8.8471,77.9468,346.8,,1.1,1,2025-06-24,409,Terra,MODIS,93,61.03,306.1,,44.5,D,0
VIIRS_SNPP_SP,8.60625,77.96722,353.81,,0.41,0.37,2025-06-24,0817,SNPP,VIIRS,n,2,302.25,,10.5,D,0
VIIRS_SNPP_SP,8.8949,77.88992,347.83,,0.41,0.37,2025-06-24,0817,SNPP,VIIRS,n,2,306.74,,4.15,D,0
VIIRS_SNPP_SP,8.82236,77.98201,348.85,,0.45,0.39,2025-06-25,0758,SNPP,VIIRS,n,2,296.22,,4.62,D,0
VIIRS_SNPP_SP,8.82527,77.97739,334.19,,0.45,0.39,2025-06-25,0758,SNPP,VIIRS,n,2,295.72,,2.83,D,0
VIIRS_SNPP_SP,8.82591,77.98145,332.84,,0.45,0.39,2025-06-25,0758,SNPP,VIIRS,n,2,295.36,,4.62,D,0
VIIRS_NOAA20_SP,8.5941,77.90651,,342.11,0.47,0.4,2025-06-25,820,NOAA-20,VIIRS,n,2,,292.62,6.27,D,0
VIIRS_NOAA20_SP,8.60947,77.96156,,333.57,0.48,0.4,2025-06-25,820,NOAA-20,VIIRS,n,2,,292.87,4.89,D,0
VIIRS_NOAA20_SP,8.8185,78.12114,,333.76,0.49,0.4,2025-06-25,820,NOAA-20,VIIRS,n,2,,290.66,3.18,D,0
VIIRS_NOAA20_SP,8.82189,77.98579,,343.93,0.48,0.4,2025-06-25,820,NOAA-20,VIIRS,n,2,,294.86,8.09,D,0
VIIRS_NOAA20_SP,8.83705,77.93468,,344.96,0.48,0.4,2025-06-25,820,NOAA-20,VIIRS,n,2,,296.53,4.07,D,0
VIIRS_NOAA20_SP,8.83768,77.93903,,333.66,0.48,0.4,2025-06-25,820,NOAA-20,VIIRS,n,2,,294.73,4.07,D,0
VIIRS_NOAA20_SP,8.92376,77.91461,,336.8,0.48,0.4,2025-06-25,820,NOAA-20,VIIRS,n,2,,297.09,3.79,D,0
VIIRS_NOAA20_SP,8.48139,77.94589,,335.2,0.46,0.47,2025-06-27,742,NOAA-20,VIIRS,n,2,,299.44,2.22,D,0
VIIRS_NOAA20_SP,8.48348,77.94519,,336.48,0.46,0.47,2025-06-27,742,NOAA-20,VIIRS,n,2,,299.37,2.25,D,0
VIIRS_NOAA20_SP,8.84455,77.97053,,342.81,0.45,0.47,2025-06-27,742,NOAA-20,VIIRS,n,2,,301.84,4.14,D,0
MODIS_SP,8.7852,78.1912,310.8,,1.1,1.1,2025-06-27,935,Aqua,MODIS,43,61.03,299.4,,7.4,D,3
VIIRS_SNPP_SP,8.59876,78.12653,341.5,,0.32,0.55,2025-06-28,0842,SNPP,VIIRS,n,2,294.46,,4.43,D,3
VIIRS_SNPP_SP,8.85011,77.98492,330.56,,0.32,0.54,2025-06-28,0842,SNPP,VIIRS,n,2,295.43,,0.96,D,0
VIIRS_SNPP_SP,8.50582,78.02836,336.64,,0.4,0.37,2025-06-30,0804,SNPP,VIIRS,n,2,305.26,,3.63,D,0
VIIRS_SNPP_SP,8.63981,77.88116,343.2,,0.4,0.37,2025-06-30,0804,SNPP,VIIRS,n,2,308.14,,3.42,D,0
VIIRS_SNPP_SP,8.64319,77.88062,330.52,,0.4,0.37,2025-06-30,0804,SNPP,VIIRS,l,2,303.71,,3.42,D,0
VIIRS_SNPP_SP,8.70016,78.08503,337.51,,0.39,0.37,2025-06-30,0804,SNPP,VIIRS,n,2,306.41,,1.81,D,0
VIIRS_SNPP_SP,8.77917,77.96249,352.24,,0.4,0.37,2025-06-30,0804,SNPP,VIIRS,n,2,310.93,,11.5,D,0
VIIRS_SNPP_SP,8.8381,77.94216,340.48,,0.4,0.37,2025-06-30,0804,SNPP,VIIRS,l,2,311.64,,8.35,D,0
VIIRS_SNPP_SP,8.84147,77.94164,349.65,,0.4,0.37,2025-06-30,0804,SNPP,VIIRS,n,2,310.35,,8.35,D,0
VIIRS_SNPP_SP,8.84202,77.94523,349.32,,0.4,0.37,2025-06-30,0804,SNPP,VIIRS,n,2,311.71,,8.35,D,0
VIIRS_SNPP_SP,8.89463,77.96585,340.87,,0.4,0.37,2025-06-30,0804,SNPP,VIIRS,n,2,310.45,,5.76,D,0
VIIRS_SNPP_SP,8.90807,78.07388,342.15,,0.39,0.36,2025-06-30,0804,SNPP,VIIRS,n,2,308.29,,8.45,D,0
VIIRS_NOAA20_SP,8.77748,77.96339,,346.79,0.4,0.44,2025-06-30,826,NOAA-20,VIIRS,n,2,,304.91,3.41,D,0
VIIRS_NOAA20_SP,8.77803,77.96313,,347.11,0.4,0.44,2025-06-30,826,NOAA-20,VIIRS,n,2,,305.44,4.37,D,0
VIIRS_NOAA20_SP,8.84137,77.94328,,355.84,0.4,0.44,2025-06-30,826,NOAA-20,VIIRS,n,2,,307.11,9.9,D,0
VIIRS_NOAA20_SP,8.8945,78.08407,,336.14,0.4,0.44,2025-06-30,826,NOAA-20,VIIRS,n,2,,305.64,4.57,D,0
VIIRS_NOAA20_SP,8.89019,77.96516,,347.5,0.4,0.44,2025-06-30,827,NOAA-20,VIIRS,n,2,,307.28,7.91,D,0
VIIRS_NOAA20_SP,8.35753,77.92947,,331.73,0.38,0.58,2025-07-03,730,NOAA-20,VIIRS,n,2,,294.85,2.02,D,0
VIIRS_NOAA20_SP,8.77312,77.95808,,345.67,0.37,0.58,2025-07-03,730,NOAA-20,VIIRS,n,2,,296.6,3.18,D,0
VIIRS_NOAA20_SP,8.77358,77.95638,,333.62,0.37,0.58,2025-07-03,730,NOAA-20,VIIRS,n,2,,295.8,1.35,D,0
VIIRS_NOAA20_SP,8.77415,77.95968,,332.39,0.37,0.58,2025-07-03,730,NOAA-20,VIIRS,n,2,,296.42,1.35,D,0
VIIRS_SNPP_SP,8.54328,78.11971,340.81,,0.41,0.61,2025-07-03,0848,SNPP,VIIRS,n,2,294.83,,3.88,D,0
VIIRS_SNPP_SP,8.36002,77.87656,339.96,,0.57,0.43,2025-07-04,0829,SNPP,VIIRS,n,2,302.45,,4.96,D,0
VIIRS_SNPP_SP,8.36064,77.87352,335.92,,0.57,0.43,2025-07-04,0829,SNPP,VIIRS,n,2,302.59,,6.19,D,0
VIIRS_SNPP_SP,8.47441,77.9473,336.53,,0.39,0.44,2025-07-04,0829,SNPP,VIIRS,n,2,304.16,,3.26,D,0
VIIRS_SNPP_SP,8.58839,78.14,339.37,,0.4,0.44,2025-07-04,0829,SNPP,VIIRS,n,2,295.82,,5.04,D,3
VIIRS_SNPP_SP,8.93824,77.8651,343.74,,0.39,0.44,2025-07-04,0829,SNPP,VIIRS,n,2,302.88,,3.54,D,0
VIIRS_NOAA20_SP,8.46325,78.08739,,332.15,0.51,0.49,2025-07-05,833,NOAA-20,VIIRS,n,2,,301.23,2.81,D,0
VIIRS_NOAA20_SP,8.75933,78.09573,,349.48,0.51,0.5,2025-07-05,833,NOAA-20,VIIRS,n,2,,301.55,13.19,D,0
MODIS_SP,8.7716,77.9787,339.1,,2,1.4,2025-07-05,951,Aqua,MODIS,89,61.03,302.9,,74.5,D,0
MODIS_SP,8.7739,77.9966,324.1,,2,1.4,2025-07-05,951,Aqua,MODIS,75,61.03,302.2,,18.6,D,0
VIIRS_SNPP_SP,8.43506,77.96777,332.92,,0.55,0.42,2025-07-06,0751,SNPP,VIIRS,l,2,303.09,,3.71,D,0
VIIRS_SNPP_SP,8.46956,77.98241,345.76,,0.54,0.42,2025-07-06,0751,SNPP,VIIRS,n,2,303.53,,6.18,D,0
VIIRS_SNPP_SP,8.5996,78.09351,333.22,,0.53,0.42,2025-07-06,0751,SNPP,VIIRS,n,2,297.46,,5.03,D,0
VIIRS_SNPP_SP,8.74821,77.94865,330.65,,0.54,0.42,2025-07-06,0752,SNPP,VIIRS,l,2,302.09,,1.23,D,0
VIIRS_SNPP_SP,8.76622,77.96078,337.36,,0.54,0.42,2025-07-06,0752,SNPP,VIIRS,n,2,303.2,,3.6,D,0
VIIRS_SNPP_SP,8.77753,78.02912,330.81,,0.54,0.42,2025-07-06,0752,SNPP,VIIRS,l,2,302.44,,2.04,D,0
VIIRS_SNPP_SP,8.8247,78.00131,335.66,,0.54,0.42,2025-07-06,0752,SNPP,VIIRS,n,2,303.37,,2.9,D,0
VIIRS_SNPP_SP,8.82518,77.99843,336.72,,0.54,0.42,2025-07-06,0752,SNPP,VIIRS,n,2,302.99,,3.45,D,0
VIIRS_SNPP_SP,8.82601,78.0033,338.1,,0.54,0.42,2025-07-06,0752,SNPP,VIIRS,n,2,303.48,,6.94,D,0
VIIRS_SNPP_SP,8.82644,78.06095,341.61,,0.53,0.42,2025-07-06,0752,SNPP,VIIRS,n,2,301.95,,4.01,D,0
VIIRS_SNPP_SP,8.82858,78.00068,346.31,,0.54,0.42,2025-07-06,0752,SNPP,VIIRS,n,2,304.63,,19.23,D,0
VIIRS_SNPP_SP,8.82906,77.9978,332.36,,0.54,0.42,2025-07-06,0752,SNPP,VIIRS,n,2,302.09,,3.45,D,0
VIIRS_SNPP_SP,8.82952,78.05547,350.65,,0.53,0.42,2025-07-06,0752,SNPP,VIIRS,n,2,304.89,,11.02,D,0
VIIRS_SNPP_SP,8.82988,78.00266,341.18,,0.54,0.42,2025-07-06,0752,SNPP,VIIRS,n,2,303.7,,6.94,D,0
VIIRS_SNPP_SP,8.8303,78.06032,344.62,,0.53,0.42,2025-07-06,0752,SNPP,VIIRS,n,2,301.93,,8.34,D,0
VIIRS_SNPP_SP,8.83554,77.99451,352.84,,0.54,0.42,2025-07-06,0752,SNPP,VIIRS,n,2,303.68,,10.25,D,0
VIIRS_SNPP_SP,8.83599,77.99165,343.5,,0.54,0.42,2025-07-06,0752,SNPP,VIIRS,n,2,302.77,,4.81,D,0
VIIRS_SNPP_SP,8.83681,77.99652,338.06,,0.54,0.42,2025-07-06,0752,SNPP,VIIRS,n,2,302.64,,4.81,D,0
VIIRS_NOAA20_SP,8.4351,77.96627,,335.51,0.41,0.37,2025-07-06,814,NOAA-20,VIIRS,l,2,,305.69,4.24,D,0
VIIRS_NOAA20_SP,8.43564,77.97,,337.77,0.41,0.37,2025-07-06,814,NOAA-20,VIIRS,n,2,,305.86,4.56,D,0
VIIRS_NOAA20_SP,8.46522,77.9809,,339.05,0.41,0.37,2025-07-06,814,NOAA-20,VIIRS,n,2,,307.19,5.76,D,0
VIIRS_NOAA20_SP,8.46864,77.9804,,338.81,0.41,0.37,2025-07-06,814,NOAA-20,VIIRS,n,2,,306.67,5.76,D,0
VIIRS_NOAA20_SP,8.60091,78.09513,,334.98,0.42,0.37,2025-07-06,814,NOAA-20,VIIRS,n,2,,299.85,3.44,D,0
VIIRS_NOAA20_SP,8.76619,77.95902,,335.18,0.41,0.37,2025-07-06,814,NOAA-20,VIIRS,n,2,,302.02,1.29,D,0
VIIRS_NOAA20_SP,8.76855,78.04728,,336.18,0.42,0.37,2025-07-06,814,NOAA-20,VIIRS,n,2,,301.43,1.71,D,0
VIIRS_NOAA20_SP,8.77899,78.02258,,339.4,0.42,0.37,2025-07-06,814,NOAA-20,VIIRS,n,2,,304.55,2.45,D,0
VIIRS_NOAA20_SP,8.82582,78.05426,,339.51,0.42,0.38,2025-07-06,814,NOAA-20,VIIRS,n,2,,301.57,2.49,D,0
VIIRS_NOAA20_SP,8.82638,78.05806,,332.8,0.42,0.38,2025-07-06,814,NOAA-20,VIIRS,n,2,,301.84,2.86,D,0
VIIRS_NOAA20_SP,8.82926,78.05376,,348.4,0.42,0.38,2025-07-06,814,NOAA-20,VIIRS,n,2,,302.95,4.8,D,0
VIIRS_NOAA20_SP,8.82982,78.05755,,346.39,0.42,0.38,2025-07-06,814,NOAA-20,VIIRS,n,2,,302.67,3.66,D,0
VIIRS_NOAA20_SP,8.86323,77.85684,,337.36,0.41,0.37,2025-07-06,814,NOAA-20,VIIRS,n,2,,290.7,4.13,D,0
MODIS_SP,8.6189,78.0007,305.7,,1.3,1.1,2025-07-06,1615,Terra,MODIS,65,61.03,294,,6,N,0
VIIRS_NOAA20_SP,8.61954,78.00305,,305.02,0.33,0.55,2025-07-06,2050,NOAA-20,VIIRS,n,2,,288.09,1.04,N,0
VIIRS_NOAA20_SP,8.61679,78.00244,,337.53,0.44,0.39,2025-07-07,755,NOAA-20,VIIRS,n,2,,302.02,4.09,D,0
VIIRS_NOAA20_SP,8.88731,78.08573,,341.19,0.44,0.38,2025-07-07,755,NOAA-20,VIIRS,n,2,,308.17,4.64,D,0
VIIRS_NOAA20_SP,8.91158,77.94329,,338.09,0.44,0.39,2025-07-07,755,NOAA-20,VIIRS,n,2,,308.07,2.73,D,0
VIIRS_NOAA20_SP,8.91448,77.93872,,337.32,0.44,0.39,2025-07-07,755,NOAA-20,VIIRS,l,2,,308.12,4.32,D,0
VIIRS_NOAA20_SP,8.91511,77.94273,,339,0.44,0.39,2025-07-07,755,NOAA-20,VIIRS,n,2,,307.57,2.73,D,0
VIIRS_NOAA20_SP,8.9436,78.03207,,337.19,0.44,0.38,2025-07-07,755,NOAA-20,VIIRS,n,2,,305.29,3.59,D,0
VIIRS_NOAA20_SP,8.94422,78.03602,,337.31,0.44,0.38,2025-07-07,755,NOAA-20,VIIRS,n,2,,305.93,4.55,D,0
VIIRS_NOAA20_SP,8.94439,78.03265,,346.49,0.44,0.38,2025-07-07,755,NOAA-20,VIIRS,n,2,,305.38,6.77,D,0
VIIRS_NOAA20_SP,8.84147,77.9855,,314.89,0.49,0.4,2025-07-07,2031,NOAA-20,VIIRS,n,2,,294.65,1.4,N,0
VIIRS_NOAA20_SP,8.45536,78.08234,,331.78,0.57,0.52,2025-07-08,736,NOAA-20,VIIRS,n,2,,298.18,5.43,D,0
VIIRS_NOAA20_SP,8.62434,78.1236,,347.43,0.56,0.51,2025-07-08,737,NOAA-20,VIIRS,n,2,,299.23,9.09,D,0
VIIRS_NOAA20_SP,8.77769,77.95572,,330.15,0.57,0.52,2025-07-08,737,NOAA-20,VIIRS,l,2,,300.15,1.42,D,0
VIIRS_SNPP_SP,8.62666,78.12074,353.04,,0.52,0.67,2025-07-08,0854,SNPP,VIIRS,n,2,293.59,,7.71,D,3
VIIRS_SNPP_SP,8.77878,77.95515,330.21,,0.51,0.66,2025-07-08,0854,SNPP,VIIRS,n,2,296.01,,1.58,D,0
VIIRS_SNPP_SP,8.87449,77.87409,332.04,,0.51,0.66,2025-07-08,0854,SNPP,VIIRS,n,2,294.29,,0.93,D,0
VIIRS_NOAA20_SP,8.67055,77.99246,,307.67,0.39,0.36,2025-07-08,2013,NOAA-20,VIIRS,n,2,,293.27,2.07,N,0
VIIRS_NOAA20_SP,8.69798,78.02782,,330.49,0.6,0.7,2025-07-09,718,NOAA-20,VIIRS,n,2,,294.42,3.12,D,0
VIIRS_SNPP_SP,8.67996,78.08682,367,,0.5,0.49,2025-07-09,0835,SNPP,VIIRS,h,2,299.93,,12.23,D,0
VIIRS_SNPP_SP,8.69498,78.02872,336.63,,0.5,0.49,2025-07-09,0835,SNPP,VIIRS,n,2,300.19,,4.96,D,0
VIIRS_SNPP_SP,8.6995,78.02809,331.63,,0.5,0.49,2025-07-09,0835,SNPP,VIIRS,n,2,300.99,,3.99,D,0
VIIRS_SNPP_SP,8.6954,78.02489,339.01,,0.5,0.49,2025-07-09,0836,SNPP,VIIRS,n,2,301.56,,6.23,D,0
VIIRS_SNPP_SP,8.94685,77.96056,340.57,,0.5,0.49,2025-07-09,0836,SNPP,VIIRS,n,2,300.08,,3.58,D,0
VIIRS_NOAA20_SP,8.49447,78.05338,,340.67,0.69,0.74,2025-07-09,858,NOAA-20,VIIRS,n,2,,292.41,6.46,D,0
VIIRS_NOAA20_SP,8.49469,78.05097,,331.52,0.69,0.74,2025-07-09,858,NOAA-20,VIIRS,n,2,,292.45,4.51,D,0
MODIS_SP,8.6779,78.0745,319.9,,1.6,1.2,2025-07-09,910,Aqua,MODIS,65,61.03,301,,12.2,D,0
MODIS_SP,8.6801,78.0886,322.7,,1.6,1.2,2025-07-09,910,Aqua,MODIS,70,61.03,300.4,,18.1,D,0
VIIRS_SNPP_SP,8.84401,78.07008,310.63,,0.6,0.7,2025-07-09,1931,SNPP,VIIRS,n,2,289.2,,1.4,N,0
VIIRS_NOAA20_SP,8.66968,77.99356,,309.41,0.44,0.46,2025-07-09,1954,NOAA-20,VIIRS,n,2,,293.11,0.73,N,0
VIIRS_SNPP_SP,8.44721,77.98692,339.64,,0.41,0.37,2025-07-10,0817,SNPP,VIIRS,n,2,308.7,,2.31,D,0
VIIRS_SNPP_SP,8.44776,77.99064,335.14,,0.41,0.37,2025-07-10,0817,SNPP,VIIRS,l,2,306.81,,2.92,D,0
VIIRS_SNPP_SP,8.82181,78.00318,341.52,,0.41,0.37,2025-07-10,0817,SNPP,VIIRS,n,2,309.85,,9.41,D,0
VIIRS_SNPP_SP,8.82236,78.00694,356.14,,0.41,0.37,2025-07-10,0817,SNPP,VIIRS,n,2,310.5,,9.41,D,0
VIIRS_SNPP_SP,8.94582,78.11559,342.38,,0.42,0.37,2025-07-10,0817,SNPP,VIIRS,n,2,306.92,,10.07,D,0
VIIRS_NOAA20_SP,8.82224,78.00745,,348.17,0.33,0.55,2025-07-10,839,NOAA-20,VIIRS,n,2,,300.69,4.5,D,0
VIIRS_NOAA20_SP,8.93114,78.06089,,331.76,0.33,0.55,2025-07-10,839,NOAA-20,VIIRS,n,2,,297.15,3.12,D,0
VIIRS_NOAA20_SP,8.94162,77.94334,,337.9,0.33,0.55,2025-07-10,839,NOAA-20,VIIRS,n,2,,298.79,0.91,D,0
VIIRS_SNPP_SP,8.5718,77.90462,315.01,,0.63,0.54,2025-07-10,2053,SNPP,VIIRS,n,2,278.18,,3.72,N,0
VIIRS_SNPP_SP,8.73277,77.95296,347.15,,0.45,0.39,2025-07-11,0758,SNPP,VIIRS,n,2,305.59,,5.61,D,0
VIIRS_SNPP_SP,8.7457,78.07973,339.45,,0.44,0.39,2025-07-11,0758,SNPP,VIIRS,n,2,301.69,,6.64,D,0
VIIRS_SNPP_SP,8.82958,77.96556,337.72,,0.45,0.39,2025-07-11,0758,SNPP,VIIRS,n,2,305.18,,5.31,D,0
VIIRS_NOAA20_SP,8.73359,77.95431,,334.57,0.48,0.4,2025-07-11,820,NOAA-20,VIIRS,l,2,,304.89,4.46,D,0
VIIRS_NOAA20_SP,8.74426,78.07944,,338.33,0.49,0.4,2025-07-11,820,NOAA-20,VIIRS,n,2,,302.17,3.76,D,0
VIIRS_NOAA20_SP,8.74491,78.08391,,336.3,0.49,0.4,2025-07-11,820,NOAA-20,VIIRS,n,2,,301.37,2.94,D,0
VIIRS_NOAA20_SP,8.74798,78.07892,,335.63,0.49,0.4,2025-07-11,820,NOAA-20,VIIRS,n,2,,303.15,2.73,D,0
VIIRS_NOAA20_SP,8.73225,77.95142,,336.15,0.48,0.4,2025-07-11,821,NOAA-20,VIIRS,n,2,,304.48,2.79,D,0
VIIRS_NOAA20_SP,8.78127,77.87292,,334.94,0.48,0.4,2025-07-11,821,NOAA-20,VIIRS,n,2,,303.37,1.49,D,0
VIIRS_SNPP_SP,8.43586,77.94272,334.25,,0.58,0.52,2025-07-12,0739,SNPP,VIIRS,n,2,297.15,,3.68,D,0
VIIRS_SNPP_SP,8.8611,77.95855,332.5,,0.57,0.52,2025-07-12,0739,SNPP,VIIRS,n,2,295.71,,3.08,D,0
VIIRS_SNPP_SP,8.91124,77.90924,339.07,,0.58,0.52,2025-07-12,0739,SNPP,VIIRS,n,2,297.85,,4.75,D,0
VIIRS_NOAA20_SP,8.85416,77.85764,,334.33,0.4,0.37,2025-07-12,802,NOAA-20,VIIRS,n,2,,298.38,2.18,D,0
VIIRS_NOAA20_SP,8.86028,77.96267,,339.33,0.39,0.36,2025-07-12,802,NOAA-20,VIIRS,n,2,,297.29,1.81,D,0
MODIS_SP,8.8608,77.9565,330.7,,1,1,2025-07-12,928,Aqua,MODIS,79,61.03,307,,7.1,D,0
MODIS_SP,8.862,77.9653,337.6,,1,1,2025-07-12,928,Aqua,MODIS,86,61.03,307.4,,17.2,D,0
VIIRS_NOAA20_SP,8.66993,77.99233,,304.67,0.4,0.45,2025-07-12,2038,NOAA-20,VIIRS,n,2,,285.31,1.17,N,0
VIIRS_NOAA20_SP,8.73995,78.00416,,342.73,0.44,0.46,2025-07-13,743,NOAA-20,VIIRS,n,2,,274.41,5.02,D,0
VIIRS_NOAA20_SP,8.77068,77.9537,,332.21,0.45,0.47,2025-07-13,743,NOAA-20,VIIRS,n,2,,272.47,3.43,D,0
VIIRS_NOAA20_SP,8.77436,78.01001,,353.26,0.47,0.64,2025-07-14,724,NOAA-20,VIIRS,n,2,,293.79,6.32,D,0
VIIRS_NOAA20_SP,8.87468,78.16312,,336.71,0.45,0.63,2025-07-14,724,NOAA-20,VIIRS,n,2,,289.47,5.78,D,0
VIIRS_SNPP_SP,8.7598,78.18208,332.41,,0.33,0.55,2025-07-14,0842,SNPP,VIIRS,n,2,295.94,,2.49,D,0
VIIRS_SNPP_SP,8.76019,78.18509,331.25,,0.33,0.55,2025-07-14,0842,SNPP,VIIRS,n,2,295.31,,2.49,D,0
VIIRS_SNPP_SP,8.87429,78.1647,341.75,,0.33,0.55,2025-07-14,0842,SNPP,VIIRS,n,2,292.48,,1.3,D,0
VIIRS_SNPP_SP,8.62096,77.91766,330.05,,0.46,0.47,2025-07-17,0745,SNPP,VIIRS,n,2,281.66,,5.51,D,0
VIIRS_SNPP_SP,8.87331,78.16238,334.4,,0.39,0.36,2025-07-21,0810,SNPP,VIIRS,n,2,290.54,,3.08,D,0
VIIRS_SNPP_SP,8.87046,78.16236,348.61,,0.36,0.57,2025-07-23,0733,SNPP,VIIRS,n,2,292.08,,5.36,D,0
VIIRS_SNPP_SP,8.87195,78.16222,347.26,,0.36,0.57,2025-07-23,0733,SNPP,VIIRS,n,2,292.29,,5.68,D,0
VIIRS_NOAA20_SP,8.87088,78.16116,,336.94,0.43,0.38,2025-07-23,755,NOAA-20,VIIRS,n,2,,301.35,9.9,D,0
VIIRS_NOAA20_SP,8.92751,78.17239,,340.64,0.43,0.38,2025-07-23,755,NOAA-20,VIIRS,n,2,,297.14,3.94,D,0
VIIRS_SNPP_SP,8.67209,77.99181,306.23,,0.48,0.4,2025-07-27,2034,SNPP,VIIRS,n,2,292.8,,0.96,N,0
VIIRS_SNPP_SP,8.70233,78.05931,320.21,,0.48,0.4,2025-07-27,2034,SNPP,VIIRS,n,2,292.52,,1.91,N,0
VIIRS_NOAA20_SP,8.70425,78.05885,,309.33,0.43,0.62,2025-07-27,2056,NOAA-20,VIIRS,n,2,,289.01,1.02,N,0
VIIRS_SNPP_SP,8.85157,78.0039,334.77,,0.57,0.52,2025-07-28,0739,SNPP,VIIRS,n,2,301.62,,8.23,D,0
MODIS_SP,8.373,77.9347,319.3,,1,1,2025-07-29,414,Terra,MODIS,66,61.03,302.5,,6.3,D,0
VIIRS_NOAA20_SP,8.37114,77.9342,,334.37,0.46,0.47,2025-07-29,743,NOAA-20,VIIRS,n,2,,301.54,2.83,D,0
VIIRS_NOAA20_SP,8.67576,77.99248,,332.54,0.45,0.47,2025-07-29,743,NOAA-20,VIIRS,l,2,,302.64,2.14,D,0
VIIRS_NOAA20_SP,8.91803,77.88272,,341.13,0.45,0.47,2025-07-29,743,NOAA-20,VIIRS,n,2,,303.92,4.74,D,0
MODIS_SP,8.5127,78.0552,327.6,,2.8,1.6,2025-07-29,900,Aqua,MODIS,79,61.03,298.3,,60.9,D,0
VIIRS_SNPP_SP,8.514,78.0621,343.1,,0.66,0.73,2025-07-29,0901,SNPP,VIIRS,n,2,291.29,,10.88,D,0
VIIRS_SNPP_SP,8.51477,78.0683,356.08,,0.66,0.73,2025-07-29,0901,SNPP,VIIRS,n,2,292.11,,18.64,D,0
VIIRS_SNPP_SP,8.89218,78.14642,333.2,,0.44,0.46,2025-08-02,0745,SNPP,VIIRS,n,2,281.51,,4.65,D,0
VIIRS_NOAA20_SP,8.89244,78.14487,,341,0.39,0.36,2025-08-02,808,NOAA-20,VIIRS,n,2,,292.32,3.1,D,0
VIIRS_NOAA20_SP,8.66053,78.0372,,299.52,0.42,0.38,2025-08-03,2025,NOAA-20,VIIRS,n,2,,273.38,0.2,N,0
VIIRS_NOAA20_SP,8.67194,78.01117,,338.18,0.37,0.58,2025-08-04,730,NOAA-20,VIIRS,n,2,,291.4,2.56,D,0
VIIRS_NOAA20_SP,8.86625,78.15781,,332.81,0.35,0.57,2025-08-04,730,NOAA-20,VIIRS,n,2,,293.31,2.29,D,0
VIIRS_NOAA20_SP,8.88994,78.08127,,331.83,0.36,0.57,2025-08-04,730,NOAA-20,VIIRS,n,2,,294.32,1.44,D,0
VIIRS_NOAA20_SP,8.91464,77.89029,,337.17,0.37,0.58,2025-08-04,730,NOAA-20,VIIRS,n,2,,292.43,2.35,D,0
VIIRS_SNPP_SP,8.77955,77.86048,335.33,,0.57,0.43,2025-08-05,0829,SNPP,VIIRS,n,2,299.26,,3.4,D,0
VIIRS_SNPP_SP,8.87186,78.16111,344.63,,0.4,0.44,2025-08-05,0829,SNPP,VIIRS,n,2,297.08,,4.34,D,0
VIIRS_NOAA20_SP,8.87967,77.97182,,333.02,0.54,0.68,2025-08-05,852,NOAA-20,VIIRS,n,2,,290.76,2.26,D,0
VIIRS_NOAA20_SP,8.67024,77.85011,,334.05,0.49,0.49,2025-08-06,833,NOAA-20,VIIRS,n,2,,289.98,4.61,D,0
VIIRS_NOAA20_SP,8.67311,77.85133,,340.25,0.49,0.49,2025-08-06,833,NOAA-20,VIIRS,n,2,,289.18,4.05,D,0
VIIRS_NOAA20_SP,8.73106,78.115,,330.89,0.52,0.5,2025-08-06,833,NOAA-20,VIIRS,n,2,,287.23,4.46,D,0
VIIRS_NOAA20_SP,8.84375,78.0042,,341.04,0.42,0.37,2025-08-07,814,NOAA-20,VIIRS,n,2,,288.91,4.27,D,0
VIIRS_SNPP_SP,8.66453,77.85204,311.11,,0.41,0.37,2025-08-07,2027,SNPP,VIIRS,n,2,292.02,,0.87,N,0
VIIRS_NOAA20_SP,8.72737,77.85535,,310.55,0.32,0.55,2025-08-07,2050,NOAA-20,VIIRS,n,2,,290.03,1.44,N,0
MODIS_SP,8.7392,78.0768,320.6,,1.4,1.2,2025-08-10,355,Terra,MODIS,73,61.03,288.2,,15.8,D,0
VIIRS_NOAA20_SP,8.86759,78.15787,,332.52,0.5,0.41,2025-08-12,821,NOAA-20,VIIRS,n,2,,291.8,4.66,D,0
VIIRS_NOAA20_SP,8.92876,78.04031,,332.34,0.44,0.46,2025-08-14,743,NOAA-20,VIIRS,n,2,,292.54,2.15,D,0
VIIRS_SNPP_SP,8.89878,77.86282,339.04,,0.61,0.54,2025-08-15,0842,SNPP,VIIRS,n,2,293.2,,4.15,D,0
VIIRS_SNPP_SP,8.85095,78.13563,297.43,,0.38,0.36,2025-08-18,2021,SNPP,VIIRS,n,2,272.57,,0.74,N,0
VIIRS_SNPP_SP,8.57998,78.09524,335.28,,0.47,0.64,2025-08-19,0726,SNPP,VIIRS,n,2,299.96,,2.7,D,0
VIIRS_SNPP_SP,8.70886,78.11058,337.44,,0.47,0.64,2025-08-19,0726,SNPP,VIIRS,n,2,299.31,,6.81,D,0
VIIRS_SNPP_SP,8.75855,78.18146,332.61,,0.47,0.64,2025-08-19,0726,SNPP,VIIRS,n,2,301.56,,5.91,D,0
VIIRS_NOAA20_SP,8.56844,78.08245,,347.82,0.53,0.42,2025-08-19,749,NOAA-20,VIIRS,n,2,,307.57,10.27,D,0
VIIRS_NOAA20_SP,8.56956,78.08058,,341.55,0.53,0.42,2025-08-19,749,NOAA-20,VIIRS,n,2,,306.55,4.97,D,0
VIIRS_NOAA20_SP,8.74961,78.09375,,335.7,0.53,0.42,2025-08-19,749,NOAA-20,VIIRS,l,2,,305.97,4.15,D,0
VIIRS_NOAA20_SP,8.75666,78.18491,,337.47,0.52,0.42,2025-08-19,749,NOAA-20,VIIRS,l,2,,310.19,7.54,D,0
VIIRS_SNPP_SP,8.75708,78.18155,315.84,,0.54,0.42,2025-08-19,2002,SNPP,VIIRS,n,2,291.37,,3.12,N,0
VIIRS_SNPP_SP,8.75819,78.17956,314.56,,0.54,0.42,2025-08-19,2002,SNPP,VIIRS,n,2,289.19,,1.43,N,0
VIIRS_NOAA20_SP,8.7567,78.18038,,306.05,0.42,0.38,2025-08-19,2025,NOAA-20,VIIRS,n,2,,292.23,1.69,N,0
VIIRS_NOAA20_SP,8.76014,78.18094,,312.89,0.42,0.38,2025-08-19,2025,NOAA-20,VIIRS,n,2,,294.26,1.56,N,0
VIIRS_NOAA20_SP,8.79417,77.91589,,343.19,0.37,0.58,2025-08-20,730,NOAA-20,VIIRS,n,2,,301.99,1.25,D,0
VIIRS_NOAA20_SP,8.79519,77.91581,,341.45,0.37,0.58,2025-08-20,730,NOAA-20,VIIRS,n,2,,302.03,2.65,D,0
VIIRS_SNPP_SP,8.6646,77.99295,331.57,,0.4,0.6,2025-08-20,0848,SNPP,VIIRS,n,2,300.52,,3.42,D,0
VIIRS_SNPP_SP,8.84873,78.06972,335.09,,0.4,0.6,2025-08-20,0848,SNPP,VIIRS,n,2,300.34,,2.84,D,0
VIIRS_SNPP_SP,8.87515,77.89116,333.04,,0.39,0.59,2025-08-20,0848,SNPP,VIIRS,n,2,301.52,,1.4,D,0
VIIRS_SNPP_SP,8.91176,77.99829,347.94,,0.4,0.6,2025-08-20,0848,SNPP,VIIRS,n,2,300.5,,4.15,D,0
MODIS_SP,8.8894,77.8506,325.3,,3.4,1.7,2025-08-20,1007,Aqua,MODIS,67,61.03,303.7,,39.4,D,0
VIIRS_SNPP_SP,8.66367,78.06672,332.72,,0.39,0.44,2025-08-21,0829,SNPP,VIIRS,l,2,303.98,,3.86,D,0
VIIRS_NOAA20_SP,8.91248,78.00191,,336.73,0.54,0.68,2025-08-21,852,NOAA-20,VIIRS,n,2,,293.18,4.6,D,0
VIIRS_SNPP_SP,8.45009,78.01909,333.35,,0.55,0.43,2025-08-23,0752,SNPP,VIIRS,n,2,297.47,,3.02,D,0
VIIRS_NOAA20_SP,8.52516,78.0873,,338.45,0.42,0.37,2025-08-23,814,NOAA-20,VIIRS,n,2,,302.16,4.46,D,0
VIIRS_SNPP_SP,8.51377,77.93323,345.94,,0.38,0.59,2025-08-24,0733,SNPP,VIIRS,n,2,300.6,,4.88,D,0
VIIRS_SNPP_SP,8.51441,77.93159,348.08,,0.38,0.59,2025-08-24,0733,SNPP,VIIRS,n,2,302.11,,5.95,D,0
VIIRS_SNPP_SP,8.54816,77.93279,337.79,,0.38,0.59,2025-08-24,0733,SNPP,VIIRS,n,2,302.27,,3.98,D,0
VIIRS_SNPP_SP,8.58278,78.09279,333.89,,0.37,0.58,2025-08-24,0733,SNPP,VIIRS,n,2,297.69,,3.67,D,0
VIIRS_SNPP_SP,8.58339,78.09617,350.76,,0.37,0.58,2025-08-24,0733,SNPP,VIIRS,n,2,297.75,,3.67,D,3
VIIRS_NOAA20_SP,8.83149,77.92702,,348.55,0.58,0.52,2025-08-25,737,NOAA-20,VIIRS,n,2,,315.38,19.57,D,0
VIIRS_NOAA20_SP,8.86635,78.15643,,333.47,0.56,0.51,2025-08-25,737,NOAA-20,VIIRS,l,2,,308.26,6.47,D,0
VIIRS_NOAA20_SP,8.8697,77.97861,,342.88,0.57,0.52,2025-08-25,737,NOAA-20,VIIRS,l,2,,314.15,11.21,D,0
VIIRS_NOAA20_SP,8.8705,77.97672,,342.28,0.57,0.52,2025-08-25,737,NOAA-20,VIIRS,l,2,,314.56,10.74,D,0
VIIRS_NOAA20_SP,8.89438,77.94614,,340.27,0.58,0.52,2025-08-25,737,NOAA-20,VIIRS,l,2,,311.64,8.19,D,0
VIIRS_SNPP_SP,8.82869,77.90639,340.34,,0.5,0.66,2025-08-25,0855,SNPP,VIIRS,n,2,306.27,,11.32,D,0
VIIRS_SNPP_SP,8.82929,77.91112,346.25,,0.5,0.66,2025-08-25,0855,SNPP,VIIRS,n,2,305.56,,12.89,D,0
VIIRS_SNPP_SP,8.9032,77.89617,336.84,,0.48,0.48,2025-08-26,0836,SNPP,VIIRS,n,2,299.85,,2.95,D,0
VIIRS_SNPP_SP,8.90471,77.89525,335.15,,0.48,0.48,2025-08-26,0836,SNPP,VIIRS,n,2,300.19,,2.66,D,0
VIIRS_NOAA20_SP,8.75874,78.18211,,304.34,0.44,0.46,2025-08-26,1954,NOAA-20,VIIRS,n,2,,285.72,0.58,N,0
VIIRS_SNPP_SP,8.49105,78.08182,343.11,,0.41,0.37,2025-08-27,0817,SNPP,VIIRS,n,2,297.54,,3.94,D,0
VIIRS_SNPP_SP,8.75975,78.18302,342.57,,0.41,0.37,2025-08-27,0817,SNPP,VIIRS,n,2,303,,7.64,D,0
VIIRS_SNPP_SP,8.80949,78.06831,351.76,,0.41,0.37,2025-08-27,0817,SNPP,VIIRS,n,2,305.4,,20.14,D,0
VIIRS_SNPP_SP,8.81005,78.07204,346.78,,0.41,0.37,2025-08-27,0817,SNPP,VIIRS,n,2,302.41,,11.03,D,0
VIIRS_SNPP_SP,8.84352,77.94512,347.41,,0.41,0.37,2025-08-27,0817,SNPP,VIIRS,n,2,296.92,,6.58,D,0
VIIRS_NOAA20_SP,8.80816,78.07064,,336.31,0.33,0.55,2025-08-27,839,NOAA-20,VIIRS,n,2,,291.48,3.46,D,0
VIIRS_NOAA20_SP,8.84215,77.94439,,341.15,0.32,0.55,2025-08-27,839,NOAA-20,VIIRS,n,2,,295.55,2.19,D,0
MODIS_SP,8.516,78.0812,333.9,,1.2,1.1,2025-08-27,944,Aqua,MODIS,84,61.03,303.1,,24.3,D,0
VIIRS_SNPP_SP,8.41414,78.06489,337.92,,0.45,0.39,2025-08-28,0758,SNPP,VIIRS,n,2,296.18,,13.21,D,3
VIIRS_SNPP_SP,8.59104,77.97832,347.64,,0.45,0.39,2025-08-28,0758,SNPP,VIIRS,n,2,298.37,,7.93,D,0
VIIRS_NOAA20_SP,8.41308,78.06178,,336.8,0.48,0.4,2025-08-28,820,NOAA-20,VIIRS,n,2,,301.09,5.91,D,0
VIIRS_NOAA20_SP,8.4137,78.06616,,330.29,0.48,0.4,2025-08-28,820,NOAA-20,VIIRS,n,2,,294.2,5.97,D,3
VIIRS_SNPP_SP,8.89406,78.14343,337.19,,0.59,0.7,2025-08-30,0721,SNPP,VIIRS,n,2,290.07,,3.44,D,0
VIIRS_NOAA20_SP,8.63428,77.93042,,331.27,0.46,0.47,2025-08-30,743,NOAA-20,VIIRS,n,2,,296.41,2.95,D,0
VIIRS_NOAA20_SP,8.69252,77.85701,,343.46,0.46,0.47,2025-08-30,743,NOAA-20,VIIRS,n,2,,298.04,21.89,D,0
VIIRS_NOAA20_SP,8.88817,78.14357,,336.29,0.44,0.46,2025-08-30,743,NOAA-20,VIIRS,n,2,,299.32,4.2,D,0
VIIRS_NOAA20_SP,8.89237,78.14287,,343.53,0.44,0.46,2025-08-30,743,NOAA-20,VIIRS,n,2,,299.24,9.93,D,0
VIIRS_SNPP_SP,8.71128,78.11185,367,,0.32,0.54,2025-08-31,0842,SNPP,VIIRS,h,2,295.21,,7.43,D,0
VIIRS_SNPP_SP,8.71633,78.11119,340.05,,0.32,0.54,2025-08-31,0842,SNPP,VIIRS,n,2,293.89,,5.88,D,0
VIIRS_NOAA20_SP,8.78693,77.85704,,333.29,0.39,0.44,2025-09-02,827,NOAA-20,VIIRS,n,2,,298.6,2,D,0
VIIRS_SNPP_SP,8.70744,78.10974,332.66,,0.45,0.47,2025-09-03,0746,SNPP,VIIRS,n,2,298.3,,2.5,D,0
VIIRS_SNPP_SP,8.84603,77.95149,334.81,,0.46,0.47,2025-09-03,0746,SNPP,VIIRS,n,2,299.81,,2.34,D,0
MODIS_SP,8.8371,77.9986,308.6,,1.4,1.2,2025-09-03,1543,Terra,MODIS,75,61.03,291.7,,9.4,N,0
MODIS_SP,8.839,77.9914,309.7,,1.4,1.2,2025-09-03,1543,Terra,MODIS,78,61.03,292.2,,10.4,N,0
VIIRS_NOAA20_SP,8.8373,77.98634,,341.68,0.37,0.58,2025-09-05,730,NOAA-20,VIIRS,n,2,,296.4,3.67,D,0
VIIRS_NOAA20_SP,8.8379,77.98965,,334.54,0.37,0.58,2025-09-05,730,NOAA-20,VIIRS,n,2,,295.14,3.67,D,0
VIIRS_SNPP_SP,8.6206,77.91813,305.62,,0.37,0.58,2025-09-05,1944,SNPP,VIIRS,n,2,289.3,,1.59,N,0
VIIRS_NOAA20_SP,8.62148,77.91706,,307.11,0.45,0.39,2025-09-05,2006,NOAA-20,VIIRS,n,2,,292.72,2.02,N,0
VIIRS_SNPP_SP,8.58768,78.07157,343.22,,0.39,0.44,2025-09-06,0830,SNPP,VIIRS,n,2,299.25,,6.06,D,0
VIIRS_SNPP_SP,8.75375,78.10688,330.67,,0.4,0.44,2025-09-06,0830,SNPP,VIIRS,n,2,297.07,,2.26,D,0
VIIRS_SNPP_SP,8.78353,77.99183,348.17,,0.38,0.36,2025-09-07,0811,SNPP,VIIRS,n,2,301.1,,11.55,D,0
VIIRS_SNPP_SP,8.78685,77.99132,336.7,,0.38,0.36,2025-09-07,0811,SNPP,VIIRS,n,2,301.23,,5.93,D,0
VIIRS_SNPP_SP,8.69409,77.90971,337.97,,0.55,0.43,2025-09-08,0752,SNPP,VIIRS,n,2,286.61,,7.73,D,0
VIIRS_NOAA20_SP,8.6938,77.91202,,340.9,0.41,0.37,2025-09-08,814,NOAA-20,VIIRS,n,2,,288.84,3.4,D,0
VIIRS_NOAA20_SP,8.94987,77.88895,,348.42,0.41,0.37,2025-09-08,814,NOAA-20,VIIRS,n,2,,301.65,15.2,D,0
VIIRS_SNPP_SP,8.61419,77.9221,351.32,,0.38,0.58,2025-09-09,0733,SNPP,VIIRS,n,2,291.74,,5.47,D,0
VIIRS_SNPP_SP,8.89559,77.93534,348.72,,0.37,0.58,2025-09-09,0733,SNPP,VIIRS,n,2,287.92,,6.84,D,0
VIIRS_NOAA20_SP,8.7104,77.99666,,332.18,0.62,0.71,2025-09-11,718,NOAA-20,VIIRS,n,2,,290.18,4.71,D,0
VIIRS_SNPP_SP,8.6406,77.88569,346.03,,0.48,0.48,2025-09-11,0836,SNPP,VIIRS,n,2,300.01,,8.12,D,0
VIIRS_SNPP_SP,8.64122,77.89012,336.27,,0.48,0.48,2025-09-11,0836,SNPP,VIIRS,n,2,298.4,,8.12,D,0
VIIRS_SNPP_SP,8.89576,78.04343,336.46,,0.44,0.39,2025-09-13,0759,SNPP,VIIRS,l,2,307.86,,6.87,D,0
VIIRS_NOAA20_SP,8.6783,78.0872,,333.01,0.48,0.4,2025-09-13,820,NOAA-20,VIIRS,l,2,,303.22,4.2,D,0
VIIRS_NOAA20_SP,8.9112,77.96626,,341.24,0.48,0.4,2025-09-13,820,NOAA-20,VIIRS,n,2,,309.8,11.98,D,0
VIIRS_SNPP_SP,8.62777,78.01012,309.45,,0.4,0.37,2025-09-14,2016,SNPP,VIIRS,n,2,285.16,,1.46,N,0
VIIRS_NOAA20_SP,8.69471,77.90783,,333.78,0.46,0.47,2025-09-15,743,NOAA-20,VIIRS,n,2,,297.92,2.72,D,0
VIIRS_NOAA20_SP,8.69542,77.91196,,332.54,0.46,0.47,2025-09-15,743,NOAA-20,VIIRS,n,2,,297.33,2.72,D,0
VIIRS_NOAA20_SP,8.9123,77.85889,,343.28,0.46,0.47,2025-09-15,743,NOAA-20,VIIRS,n,2,,299.51,4.32,D,0
VIIRS_SNPP_SP,8.51174,78.06288,310.26,,0.44,0.46,2025-09-15,1957,SNPP,VIIRS,n,2,290.13,,1.36,N,0
VIIRS_SNPP_SP,8.51381,78.06604,309.56,,0.44,0.46,2025-09-15,1957,SNPP,VIIRS,n,2,290.2,,1.23,N,0
VIIRS_NOAA20_SP,8.51297,78.06478,,318.75,0.39,0.36,2025-09-15,2019,NOAA-20,VIIRS,n,2,,292.28,1.9,N,0
VIIRS_NOAA20_SP,8.8521,78.13401,,311.47,0.39,0.36,2025-09-15,2019,NOAA-20,VIIRS,n,2,,293,1.45,N,0
VIIRS_NOAA20_SP,8.69232,77.90778,,331.76,0.49,0.65,2025-09-16,724,NOAA-20,VIIRS,n,2,,288.98,5.83,D,0
VIIRS_SNPP_SP,8.68397,77.95634,343.04,,0.48,0.4,2025-09-17,0824,SNPP,VIIRS,n,2,282.73,,3.26,D,0
VIIRS_NOAA20_SP,8.53794,78.11282,,339.74,0.54,0.42,2025-09-20,749,NOAA-20,VIIRS,n,2,,301.54,5.73,D,0
VIIRS_NOAA20_SP,8.86721,78.15814,,332.79,0.53,0.42,2025-09-20,749,NOAA-20,VIIRS,n,2,,302.2,4.57,D,0
VIIRS_NOAA20_SP,8.92619,78.1655,,331.7,0.53,0.42,2025-09-20,749,NOAA-20,VIIRS,l,2,,300.85,3.49,D,0
VIIRS_NOAA20_SP,8.672,77.99272,,301.56,0.41,0.37,2025-09-20,2025,NOAA-20,VIIRS,n,2,,276.21,0.51,N,0
VIIRS_NOAA20_SP,8.40956,77.93125,,335.71,0.39,0.59,2025-09-21,730,NOAA-20,VIIRS,n,2,,291.57,5.91,D,0
VIIRS_NOAA20_SP,8.54232,78.08131,,329.44,0.37,0.58,2025-09-21,730,NOAA-20,VIIRS,n,2,,290.57,5.69,D,0
VIIRS_SNPP_SP,8.65752,77.92377,337.85,,0.39,0.44,2025-09-22,0830,SNPP,VIIRS,n,2,295.4,,3.91,D,0
VIIRS_NOAA20_SP,8.73273,78.10112,,326.43,0.57,0.52,2025-09-22,1947,NOAA-20,VIIRS,n,2,,287.76,3.01,N,0
VIIRS_NOAA20_SP,8.73274,78.10334,,320.9,0.57,0.52,2025-09-22,1947,NOAA-20,VIIRS,n,2,,287.08,2.13,N,0
VIIRS_NOAA20_SP,8.73344,78.09812,,306.16,0.57,0.52,2025-09-22,1947,NOAA-20,VIIRS,n,2,,288.18,2.13,N,0
VIIRS_SNPP_SP,8.66992,77.99158,300.09,,0.41,0.37,2025-09-24,2029,SNPP,VIIRS,n,2,279.84,,0.58,N,0
VIIRS_SNPP_SP,8.62041,77.92212,333.95,,0.77,0.77,2025-09-26,0715,SNPP,VIIRS,n,2,282.41,,6.28,D,0
VIIRS_NOAA20_SP,8.6167,77.92105,,345.59,0.6,0.53,2025-09-26,736,NOAA-20,VIIRS,n,2,,292.83,9.4,D,0
VIIRS_NOAA20_SP,8.77291,77.97191,,333.66,0.59,0.53,2025-09-26,736,NOAA-20,VIIRS,n,2,,285.09,6.63,D,0
VIIRS_SNPP_SP,8.85493,78.10178,333.89,,0.51,0.49,2025-09-27,0837,SNPP,VIIRS,n,2,296.65,,1.44,D,0
VIIRS_NOAA20_SP,8.90349,78.14454,,308.86,0.45,0.47,2025-09-27,1953,NOAA-20,VIIRS,n,2,,291.74,2.35,N,0
VIIRS_SNPP_SP,8.73878,78.08302,337.79,,0.42,0.37,2025-09-28,0818,SNPP,VIIRS,n,2,304.42,,5.74,D,0
VIIRS_NOAA20_SP,8.7392,78.0827,,331.09,0.32,0.55,2025-09-28,839,NOAA-20,VIIRS,n,2,,298.44,2.56,D,0
VIIRS_NOAA20_SP,8.6172,77.92018,,334.53,0.47,0.4,2025-09-29,820,NOAA-20,VIIRS,n,2,,300.91,4.67,D,0
VIIRS_NOAA20_SP,8.86771,78.1596,,335.39,0.49,0.4,2025-09-29,820,NOAA-20,VIIRS,n,2,,302.7,6.52,D,0
VIIRS_NOAA20_SP,8.91425,78.1171,,336.4,0.48,0.4,2025-09-29,820,NOAA-20,VIIRS,n,2,,302.77,3.32,D,0
VIIRS_NOAA20_SP,8.51358,78.11068,,335.96,0.46,0.47,2025-10-01,742,NOAA-20,VIIRS,n,2,,305.09,5.18,D,0
VIIRS_NOAA20_SP,8.51642,78.11137,,341.54,0.46,0.47,2025-10-01,742,NOAA-20,VIIRS,n,2,,303.87,4.46,D,0
VIIRS_NOAA20_SP,8.75168,78.11388,,341.47,0.45,0.47,2025-10-01,742,NOAA-20,VIIRS,n,2,,302.57,4.84,D,0
VIIRS_NOAA20_SP,8.75238,78.11793,,330.95,0.45,0.47,2025-10-01,742,NOAA-20,VIIRS,l,2,,301.84,5.07,D,0
VIIRS_NOAA20_SP,8.84436,78.09872,,344.61,0.45,0.47,2025-10-01,742,NOAA-20,VIIRS,n,2,,307.07,6.51,D,0
VIIRS_NOAA20_SP,8.84564,78.09785,,346.79,0.45,0.47,2025-10-01,742,NOAA-20,VIIRS,n,2,,307.12,6.5,D,0
VIIRS_NOAA20_SP,8.93851,78.13672,,334.9,0.45,0.47,2025-10-01,742,NOAA-20,VIIRS,n,2,,304.8,3.17,D,0
VIIRS_SNPP_SP,8.39936,78.04765,335.99,,0.48,0.4,2025-10-03,0824,SNPP,VIIRS,n,2,303.38,,2.64,D,0
VIIRS_SNPP_SP,8.64974,78.10064,338.17,,0.44,0.46,2025-10-05,0747,SNPP,VIIRS,n,2,296.86,,5.4,D,0
VIIRS_SNPP_SP,8.65075,78.10001,340.08,,0.44,0.46,2025-10-05,0747,SNPP,VIIRS,n,2,296.65,,6.21,D,0
VIIRS_NOAA20_SP,8.64941,78.09708,,333.6,0.38,0.36,2025-10-05,807,NOAA-20,VIIRS,n,2,,301.23,4.63,D,0
VIIRS_NOAA20_SP,8.6575,78.1038,,330.16,0.55,0.42,2025-10-06,749,NOAA-20,VIIRS,n,2,,298.47,3.92,D,0
VIIRS_SNPP_SP,8.67859,78.07047,346.51,,0.39,0.36,2025-10-09,0812,SNPP,VIIRS,n,2,282.85,,5.35,D,0
VIIRS_SNPP_SP,8.86694,78.15536,333.93,,0.39,0.36,2025-10-09,0812,SNPP,VIIRS,n,2,300.34,,1.46,D,0
VIIRS_NOAA20_SP,8.67559,78.06981,,330.58,0.49,0.49,2025-10-09,832,NOAA-20,VIIRS,n,2,,280.67,6.21,D,0
VIIRS_NOAA20_SP,8.7546,78.08192,,331.29,0.49,0.49,2025-10-09,832,NOAA-20,VIIRS,n,2,,291.55,2.23,D,0
VIIRS_NOAA20_SP,8.75405,78.04865,,332.61,0.45,0.39,2025-10-11,755,NOAA-20,VIIRS,l,2,,303.17,2.67,D,0
MODIS_SP,8.7679,77.9388,344.2,,1.4,1.2,2025-10-12,420,Terra,MODIS,92,61.03,300.3,,58.9,D,0
MODIS_SP,8.7782,77.9404,327.4,,1.4,1.2,2025-10-12,420,Terra,MODIS,80,61.03,299.6,,17.7,D,0
MODIS_SP,8.7801,77.9281,326.2,,1.4,1.2,2025-10-12,420,Terra,MODIS,79,61.03,300.7,,16.6,D,0
MODIS_SP,8.8459,78.0323,324,,1.4,1.2,2025-10-12,420,Terra,MODIS,70,61.03,298.1,,15.2,D,0
VIIRS_NOAA20_SP,8.80119,78.09372,,336.28,0.59,0.53,2025-10-12,736,NOAA-20,VIIRS,n,2,,294.61,4.09,D,0
MODIS_SP,8.4757,77.8845,310.5,,1.5,1.2,2025-10-22,420,Terra,MODIS,64,61.03,287.6,,7.1,D,0
MODIS_SP,8.5422,77.8685,311.1,,1.4,1.2,2025-10-22,420,Terra,MODIS,65,61.03,287.1,,7.3,D,0
MODIS_SP,8.7101,77.9523,320.4,,1.5,1.2,2025-10-22,420,Terra,MODIS,23,61.03,284.6,,19.9,D,0
MODIS_SP,8.8711,77.853,322.1,,1.4,1.2,2025-10-22,420,Terra,MODIS,74,61.03,286.8,,23.2,D,0
MODIS_SP,8.9312,77.8557,317.2,,1.4,1.2,2025-10-22,420,Terra,MODIS,59,61.03,286.7,,15.5,D,0
MODIS_SP,8.7555,77.9749,328.1,,1.6,1.3,2025-10-29,922,Aqua,MODIS,80,61.03,299.5,,29.5,D,0
MODIS_SP,8.8126,78.0322,317.7,,1.6,1.3,2025-10-29,922,Aqua,MODIS,57,61.03,298.5,,12.8,D,0
VIIRS_SNPP_SP,8.7266,77.97061,339.9,,0.41,0.37,2025-10-30,0819,SNPP,VIIRS,n,2,306.96,,2.31,D,0
VIIRS_SNPP_SP,8.8687,78.15914,333.81,,0.44,0.38,2025-10-31,0800,SNPP,VIIRS,l,2,308.05,,3.18,D,0
VIIRS_NOAA20_SP,8.86989,78.1544,,333.12,0.48,0.4,2025-10-31,820,NOAA-20,VIIRS,l,2,,303.47,4.9,D,0
MODIS_SP,8.5341,77.8724,320.1,,1.5,1.2,2025-11-01,420,Terra,MODIS,73,61.03,305.4,,13.2,D,0
VIIRS_SNPP_SP,8.66928,77.99203,304.98,,0.4,0.37,2025-11-01,2017,SNPP,VIIRS,n,2,292.95,,0.58,N,0
VIIRS_SNPP_SP,8.94237,78.08803,303.59,,0.41,0.61,2025-11-04,2101,SNPP,VIIRS,n,2,285.41,,0.61,N,0
VIIRS_SNPP_SP,8.45415,78.08576,333.43,,0.41,0.37,2025-11-15,0819,SNPP,VIIRS,n,2,291.95,,3.2,D,0
VIIRS_SNPP_SP,8.65643,78.11404,332.68,,0.44,0.39,2025-11-16,0800,SNPP,VIIRS,n,2,294.81,,3.49,D,3
VIIRS_SNPP_SP,8.55469,78.09315,333.96,,0.39,0.36,2025-12-07,0807,SNPP,VIIRS,n,2,298.83,,2.74,D,0
VIIRS_SNPP_SP,8.79375,78.09942,305.45,,0.39,0.36,2025-12-08,2024,SNPP,VIIRS,n,2,292.93,,0.26,N,0
VIIRS_SNPP_SP,8.84835,78.13666,305.82,,0.39,0.36,2025-12-08,2024,SNPP,VIIRS,n,2,292.72,,0.51,N,0
VIIRS_SNPP_SP,8.66875,77.99349,305.65,,0.44,0.39,2025-12-14,2012,SNPP,VIIRS,n,2,292.27,,0.42,N,0
VIIRS_NOAA20_SP,8.55723,78.12611,,332.7,0.56,0.52,2025-12-15,738,NOAA-20,VIIRS,n,2,,300.97,4,D,0
VIIRS_SNPP_SP,8.65525,78.03093,330.37,,0.39,0.36,2025-12-23,0807,SNPP,VIIRS,n,2,300.63,,1.04,D,0
VIIRS_NOAA20_SP,8.87768,78.13206,,331.65,0.41,0.45,2025-12-23,828,NOAA-20,VIIRS,n,2,,300.04,1.88,D,0
VIIRS_SNPP_SP,8.86733,78.15561,332.69,,0.39,0.36,2025-12-28,0814,SNPP,VIIRS,n,2,299.97,,2.42,D,2
VIIRS_NOAA20_SP,8.75104,78.12513,,335.34,0.42,0.38,2025-12-29,816,NOAA-20,VIIRS,n,2,,301.82,3.73,D,0
